,Date,GameID,Outcome,TeamPoints,PlayerID,MaxSpeedInGame,MaxAccelImpulseInGame,AcuteLoad,ChronicLoad,AcuteChronicRatio,MonitoringScore,Pain,Illness,Nutrition,wellness
0,2017-11-30,1,W,19,2,7.284728049999999,4.423614649999998,206.57,371.2,0.56,0.9810347903952098,0.3646113581059551,0.3010077913119187,-1.2201493563274493,0.4265045834856343
1,2017-11-30,1,W,19,3,6.8524360375,4.8888928,407.86,454.67,0.9,1.2511724612749986,0.3646113581059551,0.3010077913119187,0.722089660367864,2.638881271060737
2,2017-11-30,1,W,19,4,7.267783592000001,5.694449,236.0,406.9,0.58,0.7108971195154209,0.3646113581059551,0.3010077913119187,0.722089660367864,2.0986059293011587
3,2017-11-30,1,W,19,6,6.33889396,4.7777816,297.29,415.87,0.71,0.44075944863563216,0.3646113581059551,0.3010077913119187,0.722089660367864,1.82846825842137
4,2017-11-30,1,W,19,7,7.06528343,4.091273114285714,237.57,476.6,0.5,1.2511724612749986,0.3646113581059551,0.3010077913119187,0.722089660367864,2.638881271060737
5,2017-11-30,1,W,19,8,7.469053594285714,4.9722262000000015,256.86,455.43,0.56,2.061585473914365,0.3646113581059551,0.3010077913119187,0.722089660367864,3.4492942837001026
6,2017-11-30,1,W,19,9,6.6005608360000005,4.319447900000001,209.43,297.37,0.7,0.44075944863563216,0.3646113581059551,0.3010077913119187,-1.2201493563274493,-0.11377075827394335
7,2017-11-30,1,W,19,10,8.593062429999998,4.0555588,121.43,388.0,0.31,0.44075944863563216,-2.7426463212629906,0.3010077913119187,0.722089660367864,-1.2787894209475759
8,2017-11-30,1,W,19,11,7.235561344,3.9404793428571434,407.57,510.93,0.8,1.2511724612749986,0.3646113581059551,0.3010077913119187,0.722089660367864,2.638881271060737
9,2017-11-30,1,W,19,12,5.593985956666668,4.4722258,127.14,311.67,0.41,1.5213101321547875,0.3646113581059551,0.3010077913119187,-1.2201493563274493,0.966779925245212
10,2017-11-30,1,W,19,13,7.220144665,4.6388926,328.14,442.57,0.74,0.9810347903952098,0.3646113581059551,0.3010077913119187,0.722089660367864,2.3687436001809474
11,2017-11-30,1,W,19,17,5.346300573333333,5.5833378,295.0,289.5,1.02,-0.09951589312394553,0.3646113581059551,0.3010077913119187,-1.2201493563274493,-0.6540461000335209
12,2017-11-30,2,W,31,2,6.81111656,5.2222264,206.57,371.2,0.56,0.9810347903952098,0.3646113581059551,0.3010077913119187,-1.2201493563274493,0.4265045834856343
13,2017-11-30,2,W,31,3,7.4069503700000014,3.65972515,407.86,454.67,0.9,1.2511724612749986,0.3646113581059551,0.3010077913119187,0.722089660367864,2.638881271060737
14,2017-11-30,2,W,31,4,6.8895888450000005,4.935189133333334,236.0,406.9,0.58,0.7108971195154209,0.3646113581059551,0.3010077913119187,0.722089660367864,2.0986059293011587
15,2017-11-30,2,W,31,6,7.341209576666666,4.7777816,297.29,415.87,0.71,0.44075944863563216,0.3646113581059551,0.3010077913119187,0.722089660367864,1.82846825842137
16,2017-11-30,2,W,31,7,6.965746313333334,4.5416703,237.57,476.6,0.5,1.2511724612749986,0.3646113581059551,0.3010077913119187,0.722089660367864,2.638881271060737
17,2017-11-30,2,W,31,8,7.56806161,5.416670999999999,256.86,455.43,0.56,2.061585473914365,0.3646113581059551,0.3010077913119187,0.722089660367864,3.4492942837001026
18,2017-11-30,2,W,31,9,7.37222812,4.327781240000001,209.43,297.37,0.7,0.44075944863563216,0.3646113581059551,0.3010077913119187,-1.2201493563274493,-0.11377075827394335
19,2017-11-30,2,W,31,10,6.660190513333332,4.1388922,121.43,388.0,0.31,0.44075944863563216,-2.7426463212629906,0.3010077913119187,0.722089660367864,-1.2787894209475759
20,2017-11-30,2,W,31,11,6.53611634,3.98333652,407.57,510.93,0.8,1.2511724612749986,0.3646113581059551,0.3010077913119187,0.722089660367864,2.638881271060737
21,2017-11-30,2,W,31,12,7.01667228,4.3888924000000005,127.14,311.67,0.41,1.5213101321547875,0.3646113581059551,0.3010077913119187,-1.2201493563274493,0.966779925245212
22,2017-11-30,2,W,31,13,7.312228072000001,5.833338,328.14,442.57,0.74,0.9810347903952098,0.3646113581059551,0.3010077913119187,0.722089660367864,2.3687436001809474
23,2017-11-30,2,W,31,17,6.82917213,3.9537068666666655,295.0,289.5,1.02,-0.09951589312394553,0.3646113581059551,0.3010077913119187,-1.2201493563274493,-0.6540461000335209
24,2017-11-30,3,W,31,2,6.900005519999999,4.782411233333334,206.57,371.2,0.56,0.9810347903952098,0.3646113581059551,0.3010077913119187,-1.2201493563274493,0.4265045834856343
25,2017-11-30,3,W,31,3,7.582783844,4.0555588,407.86,454.67,0.9,1.2511724612749986,0.3646113581059551,0.3010077913119187,0.722089660367864,2.638881271060737
26,2017-11-30,3,W,31,4,6.323417757142857,4.0416699000000005,236.0,406.9,0.58,0.7108971195154209,0.3646113581059551,0.3010077913119187,0.722089660367864,2.0986059293011587
27,2017-11-30,3,W,31,6,8.090747213333334,5.8611157999999985,297.29,415.87,0.71,0.44075944863563216,0.3646113581059551,0.3010077913119187,0.722089660367864,1.82846825842137
28,2017-11-30,3,W,31,7,8.382414113333335,4.675929666666667,237.57,476.6,0.5,1.2511724612749986,0.3646113581059551,0.3010077913119187,0.722089660367864,2.638881271060737
29,2017-11-30,3,W,31,8,7.630164834285713,4.6111148,256.86,455.43,0.56,2.061585473914365,0.3646113581059551,0.3010077913119187,0.722089660367864,3.4492942837001026
30,2017-11-30,3,W,31,9,7.656256125,4.5555592,209.43,297.37,0.7,0.44075944863563216,0.3646113581059551,0.3010077913119187,-1.2201493563274493,-0.11377075827394335
31,2017-11-30,3,W,31,10,7.824388975555557,3.98333652,121.43,388.0,0.31,0.44075944863563216,-2.7426463212629906,0.3010077913119187,0.722089660367864,-1.2787894209475759
32,2017-11-30,3,W,31,11,6.650560876,4.4166702,407.57,510.93,0.8,1.2511724612749986,0.3646113581059551,0.3010077913119187,0.722089660367864,2.638881271060737
33,2017-11-30,3,W,31,12,6.562042286666667,4.232642275,127.14,311.67,0.41,1.5213101321547875,0.3646113581059551,0.3010077913119187,-1.2201493563274493,0.966779925245212
34,2017-11-30,3,W,31,13,6.581255265,5.4444488,328.14,442.57,0.74,0.9810347903952098,0.3646113581059551,0.3010077913119187,0.722089660367864,2.3687436001809474
35,2017-11-30,3,W,31,17,6.39167178,4.9444484000000015,295.0,289.5,1.02,-0.09951589312394553,0.3646113581059551,0.3010077913119187,-1.2201493563274493,-0.6540461000335209
36,2017-12-01,4,W,24,2,6.986513525714287,5.972226999999998,206.57,371.2,0.56,-0.6397912348835232,0.3646113581059551,0.3010077913119187,0.722089660367864,0.7479175749022147
37,2017-12-01,4,W,24,3,7.42500594,4.1111144,465.0,463.0,1.0,0.7108971195154209,0.3646113581059551,0.3010077913119187,0.722089660367864,2.0986059293011587
38,2017-12-01,4,W,24,4,4.49444804,4.9722262000000015,236.0,406.9,0.58,-0.3696535640037344,0.3646113581059551,0.3010077913119187,0.722089660367864,1.0180552457820036
39,2017-12-01,4,W,24,6,5.127087435,5.1666708,355.14,429.37,0.83,0.44075944863563216,0.3646113581059551,0.3010077913119187,-1.2201493563274493,-0.11377075827394335
40,2017-12-01,4,W,24,7,7.0000056000000015,4.291670099999999,391.86,512.6,0.76,-0.3696535640037344,0.3646113581059551,0.3010077913119187,0.722089660367864,1.0180552457820036
41,2017-12-01,4,W,24,8,7.1493112750000005,5.3611154,276.29,459.97,0.6,0.17062177775584333,-2.7426463212629906,0.3010077913119187,0.722089660367864,-1.5489270918273643
42,2017-12-01,4,W,24,9,6.356116195999999,4.342596066666666,266.86,310.77,0.86,-1.7203419184026785,0.3646113581059551,0.3010077913119187,-1.2201493563274493,-2.2748721253122537
43,2017-12-01,4,W,24,10,8.75556256,5.5277822,192.86,404.67,0.48,-1.1800665766431009,-2.7426463212629906,0.3010077913119187,0.722089660367864,-2.899615446226308
44,2017-12-01,4,W,24,11,6.657721375555554,4.444448,504.71,529.6,0.95,0.44075944863563216,0.3646113581059551,0.3010077913119187,-1.2201493563274493,-0.11377075827394335
45,2017-12-01,4,W,24,12,6.6888942400000015,4.4722258,187.86,325.83,0.58,-0.6397912348835232,0.3646113581059551,0.3010077913119187,-1.2201493563274493,-1.1943214417930987
46,2017-12-01,4,W,24,13,6.406486606666667,5.2222264,408.86,461.4,0.89,0.7108971195154209,0.3646113581059551,0.3010077913119187,0.722089660367864,2.0986059293011587
47,2017-12-01,4,W,24,14,7.454450408,4.444448,92.14,318.33,0.29,0.7108971195154209,0.3646113581059551,0.3010077913119187,0.722089660367864,2.0986059293011587
48,2017-12-01,4,W,24,15,4.2500034000000015,5.6111156,148.57,292.0,0.51,0.44075944863563216,0.3646113581059551,0.3010077913119187,-1.2201493563274493,-0.11377075827394335
49,2017-12-01,4,W,24,16,7.331950310000002,4.9166706,546.43,527.67,1.04,-0.09951589312394553,0.3646113581059551,0.3010077913119187,0.722089660367864,1.2881929166617925
50,2017-12-01,4,W,24,17,3.35000268,5.916671400000001,361.0,304.9,1.18,-0.6397912348835232,0.3646113581059551,0.3010077913119187,-1.2201493563274493,-1.1943214417930987
51,2017-12-01,5,L,7,2,1.50555676,2.4027797000000004,206.57,371.2,0.56,-0.6397912348835232,0.3646113581059551,0.3010077913119187,0.722089660367864,0.7479175749022147
52,2017-12-01,5,L,7,3,7.291672500000001,4.638892600000001,465.0,463.0,1.0,0.7108971195154209,0.3646113581059551,0.3010077913119187,0.722089660367864,2.0986059293011587
53,2017-12-01,5,L,7,4,5.831671332000001,4.935189133333334,236.0,406.9,0.58,-0.3696535640037344,0.3646113581059551,0.3010077913119187,0.722089660367864,1.0180552457820036
54,2017-12-01,5,L,7,6,5.658734685714286,4.40972575,355.14,429.37,0.83,0.44075944863563216,0.3646113581059551,0.3010077913119187,-1.2201493563274493,-0.11377075827394335
55,2017-12-01,5,L,7,7,7.685422815,4.5000035999999985,391.86,512.6,0.76,-0.3696535640037344,0.3646113581059551,0.3010077913119187,0.722089660367864,1.0180552457820036
56,2017-12-01,5,L,7,8,8.552229063999999,5.3611154,276.29,459.97,0.6,0.17062177775584333,-2.7426463212629906,0.3010077913119187,0.722089660367864,-1.5489270918273643
57,2017-12-01,5,L,7,9,7.1399362675,4.4722258,266.86,310.77,0.86,-1.7203419184026785,0.3646113581059551,0.3010077913119187,-1.2201493563274493,-2.2748721253122537
58,2017-12-01,5,L,7,10,8.025403245714285,0.0,192.86,404.67,0.48,-1.1800665766431009,-2.7426463212629906,0.3010077913119187,0.722089660367864,-2.899615446226308
59,2017-12-01,5,L,7,11,6.527783,4.3888924000000005,504.71,529.6,0.95,0.44075944863563216,0.3646113581059551,0.3010077913119187,-1.2201493563274493,-0.11377075827394335
60,2017-12-01,5,L,7,12,6.3688939840000005,4.805559400000001,187.86,325.83,0.58,-0.6397912348835232,0.3646113581059551,0.3010077913119187,-1.2201493563274493,-1.1943214417930987
61,2017-12-01,5,L,7,13,7.427228163999999,5.3888932,408.86,461.4,0.89,0.7108971195154209,0.3646113581059551,0.3010077913119187,0.722089660367864,2.0986059293011587
62,2017-12-01,5,L,7,17,0.5416671,5.416671,361.0,304.9,1.18,-0.6397912348835232,0.3646113581059551,0.3010077913119187,-1.2201493563274493,-1.1943214417930987
63,2017-12-01,6,L,5,2,7.05139453,3.5694473,206.57,371.2,0.56,-0.6397912348835232,0.3646113581059551,0.3010077913119187,0.722089660367864,0.7479175749022147
64,2017-12-01,6,L,5,3,0.68194499,3.2222248,465.0,463.0,1.0,0.7108971195154209,0.3646113581059551,0.3010077913119187,0.722089660367864,2.0986059293011587
65,2017-12-01,6,L,5,4,7.867135923333333,5.0555596,236.0,406.9,0.58,-0.3696535640037344,0.3646113581059551,0.3010077913119187,0.722089660367864,1.0180552457820036
66,2017-12-01,6,L,5,7,4.941207656666666,4.2222256,391.86,512.6,0.76,-0.3696535640037344,0.3646113581059551,0.3010077913119187,0.722089660367864,1.0180552457820036
67,2017-12-01,6,L,5,8,0.41111144,2.45139085,276.29,459.97,0.6,0.17062177775584333,-2.7426463212629906,0.3010077913119187,0.722089660367864,-1.5489270918273643
68,2017-12-01,6,L,5,9,6.956116675999999,4.9722262000000015,266.86,310.77,0.86,-1.7203419184026785,0.3646113581059551,0.3010077913119187,-1.2201493563274493,-2.2748721253122537
69,2017-12-01,6,L,5,10,7.9777841600000015,4.71111488,192.86,404.67,0.48,-1.1800665766431009,-2.7426463212629906,0.3010077913119187,0.722089660367864,-2.899615446226308
70,2017-12-01,6,L,5,11,5.980004784,4.250003400000001,504.71,529.6,0.95,0.44075944863563216,0.3646113581059551,0.3010077913119187,-1.2201493563274493,-0.11377075827394335
71,2017-12-01,6,L,5,12,6.917783312,4.444448,187.86,325.83,0.58,-0.6397912348835232,0.3646113581059551,0.3010077913119187,-1.2201493563274493,-1.1943214417930987
72,2017-12-01,6,L,5,13,7.60000608,3.996530975,408.86,461.4,0.89,0.7108971195154209,0.3646113581059551,0.3010077913119187,0.722089660367864,2.0986059293011587
73,2017-12-01,6,L,5,14,1.360417755,4.4722258,92.14,318.33,0.29,0.7108971195154209,0.3646113581059551,0.3010077913119187,0.722089660367864,2.0986059293011587
74,2017-12-01,6,L,5,17,6.436810705,4.458336900000001,361.0,304.9,1.18,-0.6397912348835232,0.3646113581059551,0.3010077913119187,-1.2201493563274493,-1.1943214417930987
75,2018-01-26,7,W,24,2,6.71250537,5.277782,102.86,337.83,0.3,-2.530754931042045,0.3646113581059551,0.3010077913119187,0.722089660367864,-1.1430461212563072
76,2018-01-26,7,W,24,3,7.799080313333333,4.6666704,369.0,467.6,0.79,0.9810347903952098,0.3646113581059551,0.3010077913119187,0.722089660367864,2.3687436001809474
77,2018-01-26,7,W,24,4,6.599449723999999,4.77222604,285.0,352.17,0.81,-0.3696535640037344,0.3646113581059551,0.3010077913119187,0.722089660367864,1.0180552457820036
78,2018-01-26,7,W,24,7,7.251593102857143,4.861115,196.86,399.27,0.49,0.7108971195154209,0.3646113581059551,0.3010077913119187,0.722089660367864,2.0986059293011587
79,2018-01-26,7,W,24,8,7.981487866666666,5.55556,291.71,193.9,1.5,2.6018608156739433,0.3646113581059551,0.3010077913119187,0.722089660367864,3.9895696254596813
80,2018-01-26,7,W,24,9,7.292783612000001,3.8333364,208.14,336.9,0.62,2.871998486553732,0.3646113581059551,0.3010077913119187,-1.2201493563274493,2.317468279644156
81,2018-01-26,7,W,24,10,7.502783779999999,5.4814858666666675,206.43,304.33,0.68,0.17062177775584333,-2.7426463212629906,-1.531738311074503,0.722089660367864,-3.3816731942137865
82,2018-01-26,7,W,24,11,6.5138941,4.84444832,382.43,549.23,0.7,0.17062177775584333,0.3646113581059551,0.3010077913119187,0.722089660367864,1.5583305875415812
83,2018-01-26,7,W,24,12,6.167597526666667,4.18889224,152.14,153.83,0.99,1.2511724612749986,0.3646113581059551,0.3010077913119187,-1.2201493563274493,0.6966422543654232
84,2018-01-26,7,W,24,13,7.346533655,5.416671,312.71,470.63,0.66,0.7108971195154209,0.3646113581059551,0.3010077913119187,0.722089660367864,2.0986059293011587
85,2018-01-26,7,W,24,14,5.80833798,5.1944485999999985,171.43,405.5,0.42,1.2511724612749986,0.3646113581059551,0.3010077913119187,0.722089660367864,2.638881271060737
86,2018-01-26,8,W,24,2,6.517366325,4.64583705,102.86,337.83,0.3,-2.530754931042045,0.3646113581059551,0.3010077913119187,0.722089660367864,-1.1430461212563072
87,2018-01-26,8,W,24,3,7.387228132000001,5.8888935999999985,369.0,467.6,0.79,0.9810347903952098,0.3646113581059551,0.3010077913119187,0.722089660367864,2.3687436001809474
88,2018-01-26,8,W,24,4,5.79444908,4.8333372,285.0,352.17,0.81,-0.3696535640037344,0.3646113581059551,0.3010077913119187,0.722089660367864,1.0180552457820036
89,2018-01-26,8,W,24,7,7.597783855999999,5.4722266,196.86,399.27,0.49,0.7108971195154209,0.3646113581059551,0.3010077913119187,0.722089660367864,2.0986059293011587
90,2018-01-26,8,W,24,8,7.550700485,5.2963005333333335,291.71,193.9,1.5,2.6018608156739433,0.3646113581059551,0.3010077913119187,0.722089660367864,3.9895696254596813
91,2018-01-26,8,W,24,9,6.69583869,4.425929466666666,208.14,336.9,0.62,2.871998486553732,0.3646113581059551,0.3010077913119187,-1.2201493563274493,2.317468279644156
92,2018-01-26,8,W,24,10,8.225469543333334,4.7638927,206.43,304.33,0.68,0.17062177775584333,-2.7426463212629906,-1.531738311074503,0.722089660367864,-3.3816731942137865
93,2018-01-26,8,W,24,11,6.034264086666667,4.259262666666666,382.43,549.23,0.7,0.17062177775584333,0.3646113581059551,0.3010077913119187,0.722089660367864,1.5583305875415812
94,2018-01-26,8,W,24,12,5.875930626666666,5.2500042,152.14,153.83,0.99,1.2511724612749986,0.3646113581059551,0.3010077913119187,-1.2201493563274493,0.6966422543654232
95,2018-01-26,8,W,24,13,6.828477685,5.5833378,312.71,470.63,0.66,0.7108971195154209,0.3646113581059551,0.3010077913119187,0.722089660367864,2.0986059293011587
96,2018-01-26,8,W,24,14,4.946300253333334,4.805559400000001,171.43,405.5,0.42,1.2511724612749986,0.3646113581059551,0.3010077913119187,0.722089660367864,2.638881271060737
97,2018-01-26,9,W,19,2,6.68889424,4.6666704,102.86,337.83,0.3,-2.530754931042045,0.3646113581059551,0.3010077913119187,0.722089660367864,-1.1430461212563072
98,2018-01-26,9,W,19,3,6.044912243333332,5.0555596,369.0,467.6,0.79,0.9810347903952098,0.3646113581059551,0.3010077913119187,0.722089660367864,2.3687436001809474
99,2018-01-26,9,W,19,4,8.05278422,4.7361149000000005,285.0,352.17,0.81,-0.3696535640037344,0.3646113581059551,0.3010077913119187,0.722089660367864,1.0180552457820036
100,2018-01-26,9,W,19,7,8.014292125714285,5.0000040000000014,196.86,399.27,0.49,0.7108971195154209,0.3646113581059551,0.3010077913119187,0.722089660367864,2.0986059293011587
101,2018-01-26,9,W,19,8,6.726116492,4.5138925,291.71,193.9,1.5,2.6018608156739433,0.3646113581059551,0.3010077913119187,0.722089660367864,3.9895696254596813
102,2018-01-26,9,W,19,9,6.2782457633333335,3.99305875,208.14,336.9,0.62,2.871998486553732,0.3646113581059551,0.3010077913119187,-1.2201493563274493,2.317468279644156
103,2018-01-26,9,W,19,10,6.325798711428572,4.351855333333333,206.43,304.33,0.68,0.17062177775584333,-2.7426463212629906,-1.531738311074503,0.722089660367864,-3.3816731942137865
104,2018-01-26,9,W,19,11,7.791672900000001,4.79861495,382.43,549.23,0.7,0.17062177775584333,0.3646113581059551,0.3010077913119187,0.722089660367864,1.5583305875415812
105,2018-01-26,9,W,19,12,5.915282510000001,4.094447720000002,152.14,153.83,0.99,1.2511724612749986,0.3646113581059551,0.3010077913119187,-1.2201493563274493,0.6966422543654232
106,2018-01-26,9,W,19,13,5.882782484000001,3.6944474,312.71,470.63,0.66,0.7108971195154209,0.3646113581059551,0.3010077913119187,0.722089660367864,2.0986059293011587
107,2018-01-26,9,W,19,14,5.606353691428572,3.73889188,171.43,405.5,0.42,1.2511724612749986,0.3646113581059551,0.3010077913119187,0.722089660367864,2.638881271060737
108,2018-01-27,10,W,28,2,7.453339296,4.1111144,21.43,311.33,0.07,-0.09951589312394553,0.3646113581059551,0.3010077913119187,-1.2201493563274493,-0.6540461000335209
109,2018-01-27,10,W,28,3,7.652783900000001,5.5277822,353.57,478.0,0.74,-0.09951589312394553,0.3646113581059551,0.3010077913119187,0.722089660367864,1.2881929166617925
110,2018-01-27,10,W,28,4,7.172227959999997,4.444448,195.0,312.17,0.62,-0.909928905763312,0.3646113581059551,0.3010077913119187,0.722089660367864,0.4777799040224257
111,2018-01-27,10,W,28,7,6.4093801275,4.063495314285714,242.43,370.57,0.65,-0.3696535640037344,0.3646113581059551,0.3010077913119187,-1.2201493563274493,-0.9241837709133098
112,2018-01-27,10,W,28,8,7.529867135,5.129633733333333,307.43,199.57,1.54,0.9810347903952098,-2.7426463212629906,0.3010077913119187,0.722089660367864,-0.7385140791879979
113,2018-01-27,10,W,28,9,6.963200015,5.138893,238.57,337.17,0.71,-3.0710302728016234,0.3646113581059551,0.3010077913119187,-3.1623883730227624,-5.567799496406512
114,2018-01-27,10,W,28,10,7.220144665,4.7777816,203.57,319.83,0.64,-0.3696535640037344,-2.7426463212629906,-1.531738311074503,0.722089660367864,-3.9219485359733635
115,2018-01-27,10,W,28,11,7.3537095866666675,5.6666712,316.43,508.5,0.62,0.17062177775584333,0.3646113581059551,0.3010077913119187,-1.2201493563274493,-0.3839084291537321
116,2018-01-27,10,W,28,12,5.207643055,3.814817866666667,120.0,125.5,0.96,0.44075944863563216,0.3646113581059551,0.3010077913119187,-1.2201493563274493,-0.11377075827394335
117,2018-01-27,10,W,28,13,5.54722666,5.5000044,292.14,428.67,0.68,0.17062177775584333,0.3646113581059551,0.3010077913119187,0.722089660367864,1.5583305875415812
118,2018-01-27,10,W,28,14,5.815745393333334,4.486114700000001,203.57,369.5,0.55,1.2511724612749986,0.3646113581059551,0.3010077913119187,0.722089660367864,2.638881271060737
119,2018-01-27,11,L,0,1,8.179867655,5.7222268,697.86,462.83,1.51,-2.2606172601622556,0.3646113581059551,0.3010077913119187,0.722089660367864,-0.8729084503765182
120,2018-01-27,11,L,0,2,7.30833918,4.1388922,21.43,311.33,0.07,-0.09951589312394553,0.3646113581059551,0.3010077913119187,-1.2201493563274493,-0.6540461000335209
121,2018-01-27,11,L,0,3,3.28889152,5.9444492,353.57,478.0,0.74,-0.09951589312394553,0.3646113581059551,0.3010077913119187,0.722089660367864,1.2881929166617925
122,2018-01-27,11,L,0,4,2.9481505066666664,4.9722262000000015,195.0,312.17,0.62,-0.909928905763312,0.3646113581059551,0.3010077913119187,0.722089660367864,0.4777799040224257
123,2018-01-27,11,L,0,5,6.930005543999998,3.793653828571428,291.43,213.0,1.37,-0.909928905763312,0.3646113581059551,0.3010077913119187,0.722089660367864,0.4777799040224257
124,2018-01-27,11,L,0,7,3.95000316,5.4722266,242.43,370.57,0.65,-0.3696535640037344,0.3646113581059551,0.3010077913119187,-1.2201493563274493,-0.9241837709133098
125,2018-01-27,11,L,0,8,6.836811025,5.6111156,307.43,199.57,1.54,0.9810347903952098,-2.7426463212629906,0.3010077913119187,0.722089660367864,-0.7385140791879979
126,2018-01-27,11,L,0,10,7.142783492,4.8425964666666665,203.57,319.83,0.64,-0.3696535640037344,-2.7426463212629906,-1.531738311074503,0.722089660367864,-3.9219485359733635
127,2018-01-27,11,L,0,11,7.346302173333334,4.0555588,316.43,508.5,0.62,0.17062177775584333,0.3646113581059551,0.3010077913119187,-1.2201493563274493,-0.3839084291537321
128,2018-01-27,11,L,0,12,6.21667164,4.02222544,120.0,125.5,0.96,0.44075944863563216,0.3646113581059551,0.3010077913119187,-1.2201493563274493,-0.11377075827394335
129,2018-01-27,11,L,0,13,7.309265106666667,4.42361465,292.14,428.67,0.68,0.17062177775584333,0.3646113581059551,0.3010077913119187,0.722089660367864,1.5583305875415812
130,2018-01-27,11,L,0,16,6.3398198866666675,4.5555592,760.71,694.17,1.1,-0.909928905763312,0.3646113581059551,0.3010077913119187,0.722089660367864,0.4777799040224257
131,2018-01-28,12,W,40,1,7.58611718,5.277782,697.86,462.83,1.51,-1.4502042475228898,0.3646113581059551,0.3010077913119187,0.722089660367864,-0.06249543773715194
132,2018-01-28,12,W,40,2,5.653893412,4.6111148,21.43,298.33,0.07,0.17062177775584333,0.3646113581059551,0.3010077913119187,-1.2201493563274493,-0.3839084291537321
133,2018-01-28,12,W,40,3,8.168260502857143,5.833338,401.57,478.2,0.84,0.7108971195154209,0.3646113581059551,0.3010077913119187,0.722089660367864,2.0986059293011587
134,2018-01-28,12,W,40,4,7.03750563,5.046300333333333,195.0,301.17,0.65,-0.6397912348835232,0.3646113581059551,0.3010077913119187,0.722089660367864,0.7479175749022147
135,2018-01-28,12,W,40,5,7.824212608571428,3.424605914285714,291.43,213.0,1.37,-0.6397912348835232,0.3646113581059551,0.3010077913119187,0.722089660367864,0.7479175749022147
136,2018-01-28,12,W,40,7,8.368895584,4.861115,242.43,360.57,0.67,-0.909928905763312,0.3646113581059551,-5.197230515847346,-1.2201493563274493,-6.9626974198321525
137,2018-01-28,12,W,40,8,7.367228116000001,5.694449,352.0,209.97,1.68,-0.6397912348835232,-2.7426463212629906,0.3010077913119187,-1.2201493563274493,-4.301579121162044
138,2018-01-28,12,W,40,10,7.875561856,5.3611154,203.57,319.83,0.64,-0.09951589312394553,-2.7426463212629906,-1.531738311074503,0.722089660367864,-3.651810865093576
139,2018-01-28,12,W,40,11,6.793523953333334,5.916671400000001,354.0,504.77,0.7,1.5213101321547875,0.3646113581059551,0.3010077913119187,-1.2201493563274493,0.966779925245212
140,2018-01-28,12,W,40,12,4.815744593333333,3.6944474,120.0,125.5,0.96,1.5213101321547875,0.3646113581059551,0.3010077913119187,-1.2201493563274493,0.966779925245212
141,2018-01-28,12,W,40,13,5.92778252,5.3055598,316.0,425.23,0.74,-0.09951589312394553,0.3646113581059551,0.3010077913119187,0.722089660367864,1.2881929166617925
142,2018-01-28,12,W,40,16,5.9861159000000015,3.4583361000000004,760.71,673.17,1.13,-0.6397912348835232,0.3646113581059551,0.3010077913119187,-1.2201493563274493,-1.1943214417930987
143,2018-04-13,13,W,29,1,6.5953756466666675,5.972226999999998,219.0,303.83,0.72,0.44075944863563216,0.3646113581059551,0.3010077913119187,-1.2201493563274493,-0.11377075827394335
144,2018-04-13,13,W,29,2,6.918524053333333,5.2500042,162.0,246.0,0.66,1.2511724612749986,0.3646113581059551,0.3010077913119187,0.722089660367864,2.638881271060737
145,2018-04-13,13,W,29,3,8.501395689999999,4.722226,299.14,450.57,0.66,0.44075944863563216,0.3646113581059551,0.3010077913119187,0.722089660367864,1.82846825842137
146,2018-04-13,13,W,29,4,7.2513946900000015,5.6111156,120.29,304.8,0.39,0.44075944863563216,0.3646113581059551,0.3010077913119187,0.722089660367864,1.82846825842137
147,2018-04-13,13,W,29,5,7.610561643999999,5.138893,27.43,175.03,0.16,1.7914478030345764,0.3646113581059551,0.3010077913119187,-1.2201493563274493,1.2369175961250012
148,2018-04-13,13,W,29,7,8.083339800000001,4.23889228,208.14,327.4,0.64,-0.09951589312394553,-2.7426463212629906,0.3010077913119187,0.722089660367864,-1.8190647627071532
149,2018-04-13,13,W,29,8,7.375931826666666,5.7638935,271.71,278.17,0.98,2.331723144794154,0.3646113581059551,0.3010077913119187,-1.2201493563274493,1.7771929378845783
150,2018-04-13,13,W,29,10,7.800561796000001,4.9166706,155.14,228.03,0.68,0.44075944863563216,0.3646113581059551,-1.531738311074503,0.722089660367864,-0.0042778439650518205
151,2018-04-13,13,W,29,11,7.340005871999999,5.916671400000001,229.57,384.43,0.6,0.17062177775584333,0.3646113581059551,0.3010077913119187,0.722089660367864,1.5583305875415812
152,2018-04-13,13,W,29,12,6.598153426666666,4.96111508,51.43,123.5,0.42,0.44075944863563216,0.3646113581059551,0.3010077913119187,-1.2201493563274493,-0.11377075827394335
153,2018-04-13,13,W,29,13,6.684449792000001,5.8611157999999985,182.0,353.63,0.51,0.44075944863563216,0.3646113581059551,0.3010077913119187,0.722089660367864,1.82846825842137
154,2018-04-13,13,W,29,16,7.186116860000001,4.5555592,229.57,306.57,0.75,1.2511724612749986,0.3646113581059551,0.3010077913119187,0.722089660367864,2.638881271060737
155,2018-04-13,14,W,24,1,7.523617129999999,4.16667,219.0,303.83,0.72,0.44075944863563216,0.3646113581059551,0.3010077913119187,-1.2201493563274493,-0.11377075827394335
156,2018-04-13,14,W,24,2,4.65555928,4.9861151,162.0,246.0,0.66,1.2511724612749986,0.3646113581059551,0.3010077913119187,0.722089660367864,2.638881271060737
157,2018-04-13,14,W,24,3,7.482228207999999,5.6111156,299.14,450.57,0.66,0.44075944863563216,0.3646113581059551,0.3010077913119187,0.722089660367864,1.82846825842137
158,2018-04-13,14,W,24,4,6.61250529,5.097226299999999,120.29,304.8,0.39,0.44075944863563216,0.3646113581059551,0.3010077913119187,0.722089660367864,1.82846825842137
159,2018-04-13,14,W,24,5,7.837228491999999,4.3055590000000015,27.43,175.03,0.16,1.7914478030345764,0.3646113581059551,0.3010077913119187,-1.2201493563274493,1.2369175961250012
160,2018-04-13,14,W,24,7,7.348154026666666,4.6666704,208.14,327.4,0.64,-0.09951589312394553,-2.7426463212629906,0.3010077913119187,0.722089660367864,-1.8190647627071532
161,2018-04-13,14,W,24,8,6.510190393333335,4.7500038,271.71,278.17,0.98,2.331723144794154,0.3646113581059551,0.3010077913119187,-1.2201493563274493,1.7771929378845783
162,2018-04-13,14,W,24,10,7.89722854,4.5972259000000015,155.14,228.03,0.68,0.44075944863563216,0.3646113581059551,-1.531738311074503,0.722089660367864,-0.0042778439650518205
163,2018-04-13,14,W,24,11,7.332413273333334,5.1944485999999985,229.57,384.43,0.6,0.17062177775584333,0.3646113581059551,0.3010077913119187,0.722089660367864,1.5583305875415812
164,2018-04-13,14,W,24,12,7.094913083333334,5.01667068,51.43,123.5,0.42,0.44075944863563216,0.3646113581059551,0.3010077913119187,-1.2201493563274493,-0.11377075827394335
165,2018-04-13,14,W,24,13,6.7260470475,5.000004,182.0,353.63,0.51,0.44075944863563216,0.3646113581059551,0.3010077913119187,0.722089660367864,1.82846825842137
166,2018-04-13,14,W,24,16,5.521671083999999,4.722226000000001,229.57,306.57,0.75,1.2511724612749986,0.3646113581059551,0.3010077913119187,0.722089660367864,2.638881271060737
167,2018-04-14,15,L,7,1,7.16806129,4.722226,235.57,276.7,0.85,0.17062177775584333,0.3646113581059551,0.3010077913119187,0.722089660367864,1.5583305875415812
168,2018-04-14,15,L,7,2,7.7027839400000016,3.429015088888889,176.29,220.5,0.8,0.17062177775584333,0.3646113581059551,0.3010077913119187,-1.2201493563274493,-0.3839084291537321
169,2018-04-14,15,L,7,3,7.01250561,4.6944482,342.86,415.77,0.82,0.17062177775584333,0.3646113581059551,0.3010077913119187,0.722089660367864,1.5583305875415812
170,2018-04-14,15,L,7,4,7.040481822857143,4.5611147600000015,162.57,285.0,0.57,-0.3696535640037344,0.3646113581059551,0.3010077913119187,0.722089660367864,1.0180552457820036
171,2018-04-14,15,L,7,5,7.454450408,5.0833374000000005,27.43,138.53,0.2,0.44075944863563216,0.3646113581059551,0.3010077913119187,-1.2201493563274493,-0.11377075827394335
172,2018-04-14,15,L,7,8,6.71944982,4.7314852666666685,311.71,287.5,1.08,0.17062177775584333,0.3646113581059551,0.3010077913119187,0.722089660367864,1.5583305875415812
173,2018-04-14,15,L,7,10,7.6347283300000015,5.791671299999999,188.29,218.77,0.86,-0.09951589312394553,0.3646113581059551,-1.531738311074503,0.722089660367864,-0.5445531857246294
174,2018-04-14,15,L,7,11,6.87778328,5.6388934,270.71,360.87,0.75,-0.09951589312394553,0.3646113581059551,0.3010077913119187,-1.2201493563274493,-0.6540461000335209
175,2018-04-14,15,L,7,12,6.41944958,4.6944482,57.14,106.33,0.54,0.17062177775584333,0.3646113581059551,0.3010077913119187,-1.2201493563274493,-0.3839084291537321
176,2018-04-14,15,L,7,13,7.304635473333334,4.8333372,207.0,329.47,0.63,0.17062177775584333,0.3646113581059551,0.3010077913119187,0.722089660367864,1.5583305875415812
177,2018-04-14,15,L,7,14,6.4566023875,4.703707466666667,124.29,186.0,0.67,0.44075944863563216,0.3646113581059551,0.3010077913119187,0.722089660367864,1.82846825842137
178,2018-04-14,15,L,7,16,4.210558924,4.722226,241.0,282.73,0.85,0.17062177775584333,0.3646113581059551,0.3010077913119187,-1.2201493563274493,-0.3839084291537321
179,2018-04-15,16,L,7,1,7.0277834000000015,5.3611154,175.71,243.9,0.72,0.7108971195154209,0.3646113581059551,0.3010077913119187,0.722089660367864,2.0986059293011587
180,2018-04-15,16,L,7,2,6.778246163333335,5.361115399999999,169.43,224.9,0.75,0.7108971195154209,0.3646113581059551,0.3010077913119187,0.722089660367864,2.0986059293011587
181,2018-04-15,16,L,7,3,7.59028385,5.0555596,379.14,395.23,0.96,0.17062177775584333,0.3646113581059551,0.3010077913119187,0.722089660367864,1.5583305875415812
182,2018-04-15,16,L,7,4,7.865085657142857,4.291670099999998,249.43,266.27,0.94,-0.909928905763312,0.3646113581059551,0.3010077913119187,0.722089660367864,0.4777799040224257
183,2018-04-15,16,L,7,5,5.85278246,4.1527811,16.0,109.53,0.15,1.5213101321547875,0.3646113581059551,0.3010077913119187,-1.2201493563274493,0.966779925245212
184,2018-04-15,16,L,7,8,7.281024343333333,5.5833378,392.43,306.33,1.28,-0.09951589312394553,0.3646113581059551,-1.531738311074503,0.722089660367864,-0.5445531857246294
185,2018-04-15,16,L,7,10,7.178894632,4.9444484000000015,227.29,233.87,0.97,-0.3696535640037344,-2.7426463212629906,-1.531738311074503,0.722089660367864,-3.9219485359733635
186,2018-04-15,16,L,7,11,6.63194975,5.972226999999998,338.43,346.5,0.98,-0.09951589312394553,0.3646113581059551,0.3010077913119187,0.722089660367864,1.2881929166617925
187,2018-04-15,16,L,7,12,5.738496654285713,4.2500034000000015,85.71,88.0,0.97,0.44075944863563216,0.3646113581059551,0.3010077913119187,-1.2201493563274493,-0.11377075827394335
188,2018-04-15,16,L,7,13,5.450467323333334,3.9722254,265.0,309.67,0.86,-0.09951589312394553,0.3646113581059551,0.3010077913119187,0.722089660367864,1.2881929166617925
189,2018-04-15,16,L,7,14,7.5027837800000015,4.6111148,107.14,152.0,0.7,1.2511724612749986,0.3646113581059551,0.3010077913119187,0.722089660367864,2.638881271060737
190,2018-04-15,16,L,7,16,5.69167122,5.7500046,248.71,259.2,0.96,0.17062177775584333,0.3646113581059551,0.3010077913119187,0.722089660367864,1.5583305875415812
191,2018-04-15,17,L,19,1,7.38333924,5.1250041,175.71,243.9,0.72,0.7108971195154209,0.3646113581059551,0.3010077913119187,0.722089660367864,2.0986059293011587
192,2018-04-15,17,L,19,2,7.136910471428572,4.079368342857143,169.43,224.9,0.75,0.7108971195154209,0.3646113581059551,0.3010077913119187,0.722089660367864,2.0986059293011587
193,2018-04-15,17,L,19,4,6.843523993333334,4.9166706,249.43,266.27,0.94,-0.909928905763312,0.3646113581059551,0.3010077913119187,0.722089660367864,0.4777799040224257
194,2018-04-15,17,L,19,5,7.970145265000001,4.8888928,16.0,109.53,0.15,1.5213101321547875,0.3646113581059551,0.3010077913119187,-1.2201493563274493,0.966779925245212
195,2018-04-15,17,L,19,8,7.71806173,4.7500038,392.43,306.33,1.28,-0.09951589312394553,0.3646113581059551,-1.531738311074503,0.722089660367864,-0.5445531857246294
196,2018-04-15,17,L,19,10,8.132784284000001,5.000004,227.29,233.87,0.97,-0.3696535640037344,-2.7426463212629906,-1.531738311074503,0.722089660367864,-3.9219485359733635
197,2018-04-15,17,L,19,11,7.76250621,5.916671400000001,338.43,346.5,0.98,-0.09951589312394553,0.3646113581059551,0.3010077913119187,0.722089660367864,1.2881929166617925
198,2018-04-15,17,L,19,12,6.287042066666667,3.9953735666666654,85.71,88.0,0.97,0.44075944863563216,0.3646113581059551,0.3010077913119187,-1.2201493563274493,-0.11377075827394335
199,2018-04-15,17,L,19,13,6.62083863,4.444448,265.0,309.67,0.86,-0.09951589312394553,0.3646113581059551,0.3010077913119187,0.722089660367864,1.2881929166617925
200,2018-04-15,17,L,19,14,6.603894172,4.666670399999999,107.14,152.0,0.7,1.2511724612749986,0.3646113581059551,0.3010077913119187,0.722089660367864,2.638881271060737
201,2018-04-15,17,L,19,16,6.5683385880000005,5.2222264,248.71,259.2,0.96,0.17062177775584333,0.3646113581059551,0.3010077913119187,0.722089660367864,1.5583305875415812
202,2018-04-21,18,W,38,1,7.873154446666668,4.731485266666667,87.71,245.77,0.36,0.9810347903952098,0.3646113581059551,0.3010077913119187,0.722089660367864,2.3687436001809474
203,2018-04-21,18,W,38,2,7.248153946666666,4.6111148,191.0,240.53,0.79,0.44075944863563216,0.3646113581059551,0.3010077913119187,-1.2201493563274493,-0.11377075827394335
204,2018-04-21,18,W,38,5,8.187043586666666,5.037041066666666,10.29,103.3,0.1,0.7108971195154209,0.3646113581059551,0.3010077913119187,-1.2201493563274493,0.15636691260584554
205,2018-04-21,18,W,38,8,7.934034125,4.6944482,169.86,294.87,0.58,0.44075944863563216,0.3646113581059551,0.3010077913119187,0.722089660367864,1.82846825842137
206,2018-04-21,18,W,38,10,7.151672388,4.6666704,285.71,256.77,1.11,-0.3696535640037344,0.3646113581059551,-1.531738311074503,0.722089660367864,-0.8146908566044183
207,2018-04-21,18,W,38,11,6.619052914285715,5.55556,279.29,359.5,0.78,-0.3696535640037344,0.3646113581059551,0.3010077913119187,-1.2201493563274493,-0.9241837709133098
208,2018-04-21,18,W,38,12,7.515006011999999,4.8888928,54.29,86.5,0.63,0.17062177775584333,0.3646113581059551,0.3010077913119187,-1.2201493563274493,-0.3839084291537321
209,2018-04-21,18,W,38,13,7.248616909999999,4.6805593000000005,294.43,323.67,0.91,0.44075944863563216,0.3646113581059551,0.3010077913119187,0.722089660367864,1.82846825842137
210,2018-04-21,18,W,38,14,7.7882006750000015,5.2685227333333335,86.29,156.13,0.55,0.9810347903952098,0.3646113581059551,0.3010077913119187,0.722089660367864,2.3687436001809474
211,2018-04-21,18,W,38,16,5.98889368,5.138893,205.14,263.27,0.78,0.17062177775584333,0.3646113581059551,0.3010077913119187,0.722089660367864,1.5583305875415812
212,2018-04-21,19,L,19,1,7.36945034,5.916671400000001,87.71,245.77,0.36,0.9810347903952098,0.3646113581059551,0.3010077913119187,0.722089660367864,2.3687436001809474
213,2018-04-21,19,L,19,2,7.633894996,4.805559400000001,191.0,240.53,0.79,0.44075944863563216,0.3646113581059551,0.3010077913119187,-1.2201493563274493,-0.11377075827394335
214,2018-04-21,19,L,19,4,6.304634673333332,5.6111156,212.57,248.53,0.86,-0.09951589312394553,0.3646113581059551,0.3010077913119187,0.722089660367864,1.2881929166617925
215,2018-04-21,19,L,19,5,8.53056238,5.8055602,10.29,103.3,0.1,0.7108971195154209,0.3646113581059551,0.3010077913119187,-1.2201493563274493,0.15636691260584554
216,2018-04-21,19,L,19,7,6.750799051428572,4.3333368,133.71,255.3,0.52,0.44075944863563216,0.3646113581059551,0.3010077913119187,0.722089660367864,1.82846825842137
217,2018-04-21,19,L,19,8,7.009264866666666,4.5555592,169.86,294.87,0.58,0.44075944863563216,0.3646113581059551,0.3010077913119187,0.722089660367864,1.82846825842137
218,2018-04-21,19,L,19,11,6.362042126666666,4.722226,279.29,359.5,0.78,-0.3696535640037344,0.3646113581059551,0.3010077913119187,-1.2201493563274493,-0.9241837709133098
219,2018-04-21,19,L,19,12,6.279634653333333,5.4722266,54.29,86.5,0.63,0.17062177775584333,0.3646113581059551,0.3010077913119187,-1.2201493563274493,-0.3839084291537321
220,2018-04-21,19,L,19,13,7.018894504,4.8333372,294.43,323.67,0.91,0.44075944863563216,0.3646113581059551,0.3010077913119187,0.722089660367864,1.82846825842137
221,2018-04-21,19,L,19,15,6.415282910000001,4.965281749999999,65.71,74.33,0.88,3.1421361574335207,0.3646113581059551,0.3010077913119187,0.722089660367864,4.529844967219258
222,2018-04-21,19,L,19,16,6.828576891428571,4.3101886333333335,205.14,263.27,0.78,0.17062177775584333,0.3646113581059551,0.3010077913119187,0.722089660367864,1.5583305875415812
223,2018-04-21,20,L,5,1,7.237228012,4.7500038,87.71,245.77,0.36,0.9810347903952098,0.3646113581059551,0.3010077913119187,0.722089660367864,2.3687436001809474
224,2018-04-21,20,L,5,2,6.1094493320000005,5.277781999999998,191.0,240.53,0.79,0.44075944863563216,0.3646113581059551,0.3010077913119187,-1.2201493563274493,-0.11377075827394335
225,2018-04-21,20,L,5,4,6.959529377142857,4.666670399999999,212.57,248.53,0.86,-0.09951589312394553,0.3646113581059551,0.3010077913119187,0.722089660367864,1.2881929166617925
226,2018-04-21,20,L,5,5,7.839450716,5.6666712,10.29,103.3,0.1,0.7108971195154209,0.3646113581059551,0.3010077913119187,-1.2201493563274493,0.15636691260584554
227,2018-04-21,20,L,5,7,7.442367065,5.3055598,133.71,255.3,0.52,0.44075944863563216,0.3646113581059551,0.3010077913119187,0.722089660367864,1.82846825842137
228,2018-04-21,20,L,5,8,7.01111672,5.916671400000001,169.86,294.87,0.58,0.44075944863563216,0.3646113581059551,0.3010077913119187,0.722089660367864,1.82846825842137
229,2018-04-21,20,L,5,10,7.27639471,5.9444492,285.71,256.77,1.11,-0.3696535640037344,0.3646113581059551,-1.531738311074503,0.722089660367864,-0.8146908566044183
230,2018-04-21,20,L,5,11,7.427783720000001,5.3472265,279.29,359.5,0.78,-0.3696535640037344,0.3646113581059551,0.3010077913119187,-1.2201493563274493,-0.9241837709133098
231,2018-04-21,20,L,5,12,7.018524133333332,5.8888935999999985,54.29,86.5,0.63,0.17062177775584333,0.3646113581059551,0.3010077913119187,-1.2201493563274493,-0.3839084291537321
232,2018-04-21,20,L,5,13,6.026393710000002,4.8750039,294.43,323.67,0.91,0.44075944863563216,0.3646113581059551,0.3010077913119187,0.722089660367864,1.82846825842137
233,2018-04-21,20,L,5,15,6.6826442350000015,5.5000044,65.71,74.33,0.88,3.1421361574335207,0.3646113581059551,0.3010077913119187,0.722089660367864,4.529844967219258
234,2018-04-21,20,L,5,16,5.722921245,4.722226,205.14,263.27,0.78,0.17062177775584333,0.3646113581059551,0.3010077913119187,0.722089660367864,1.5583305875415812
235,2018-04-22,21,L,19,1,8.180006544,4.444448,86.0,248.23,0.35,-0.909928905763312,0.3646113581059551,0.3010077913119187,0.722089660367864,0.4777799040224257
236,2018-04-22,21,L,19,2,7.2541724699999985,4.7777816,217.86,251.2,0.87,-0.909928905763312,-2.7426463212629906,0.3010077913119187,-1.2201493563274493,-4.5717167920418325
237,2018-04-22,21,L,19,4,7.3435243933333325,4.972226200000001,162.29,257.07,0.63,-1.7203419184026785,0.3646113581059551,0.3010077913119187,0.722089660367864,-0.3326331086169406
238,2018-04-22,21,L,19,5,7.736117299999999,4.605559240000002,10.29,103.3,0.1,-1.7203419184026785,0.3646113581059551,0.3010077913119187,0.722089660367864,-0.3326331086169406
239,2018-04-22,21,L,19,7,7.8333395999999995,4.398151666666667,120.0,263.3,0.46,-0.09951589312394553,0.3646113581059551,0.3010077913119187,0.722089660367864,1.2881929166617925
240,2018-04-22,21,L,19,8,7.471765236666666,5.064818866666666,101.71,281.8,0.36,-0.3696535640037344,0.3646113581059551,0.3010077913119187,0.722089660367864,1.0180552457820036
241,2018-04-22,21,L,19,10,7.7809090025,4.2777812000000015,297.71,274.67,1.08,-0.909928905763312,-2.7426463212629906,0.3010077913119187,0.722089660367864,-2.62947777534652
242,2018-04-22,21,L,19,11,6.93472777,4.3888924000000005,207.43,356.53,0.58,-0.6397912348835232,0.3646113581059551,0.3010077913119187,-1.2201493563274493,-1.1943214417930987
243,2018-04-22,21,L,19,12,4.338892360000001,5.5833378,39.71,89.77,0.44,0.17062177775584333,0.3646113581059551,0.3010077913119187,-1.2201493563274493,-0.3839084291537321
244,2018-04-22,21,L,19,13,6.902088855,4.6944482,286.71,334.07,0.86,-0.6397912348835232,0.3646113581059551,0.3010077913119187,0.722089660367864,0.7479175749022147
245,2018-04-22,21,L,19,15,3.920142025,4.8333372,65.71,74.33,0.88,-1.4502042475228898,0.3646113581059551,0.3010077913119187,-1.2201493563274493,-2.004734454432465
246,2018-04-22,21,L,19,16,4.2013922500000005,5.1111152,204.86,270.0,0.76,-1.4502042475228898,0.3646113581059551,0.3010077913119187,0.722089660367864,-0.06249543773715194
247,2018-04-22,22,W,33,1,7.90556188,4.6388926,86.0,248.23,0.35,-0.909928905763312,0.3646113581059551,0.3010077913119187,0.722089660367864,0.4777799040224257
248,2018-04-22,22,W,33,2,6.380005103999999,5.2222264,217.86,251.2,0.87,-0.909928905763312,-2.7426463212629906,0.3010077913119187,-1.2201493563274493,-4.5717167920418325
249,2018-04-22,22,W,33,4,5.701988688571428,5.5833378,162.29,257.07,0.63,-1.7203419184026785,0.3646113581059551,0.3010077913119187,0.722089660367864,-0.3326331086169406
250,2018-04-22,22,W,33,5,7.466117083999999,4.09444772,10.29,103.3,0.1,-1.7203419184026785,0.3646113581059551,0.3010077913119187,0.722089660367864,-0.3326331086169406
251,2018-04-22,22,W,33,7,6.862505489999998,4.458336900000001,120.0,263.3,0.46,-0.09951589312394553,0.3646113581059551,0.3010077913119187,0.722089660367864,1.2881929166617925
252,2018-04-22,22,W,33,8,7.7127045828571426,4.425929466666667,101.71,281.8,0.36,-0.3696535640037344,0.3646113581059551,0.3010077913119187,0.722089660367864,1.0180552457820036
253,2018-04-22,22,W,33,11,7.762969173333333,4.6805593,207.43,356.53,0.58,-0.6397912348835232,0.3646113581059551,0.3010077913119187,-1.2201493563274493,-1.1943214417930987
254,2018-04-22,22,W,33,12,5.142133743333333,3.7777808,39.71,89.77,0.44,0.17062177775584333,0.3646113581059551,0.3010077913119187,-1.2201493563274493,-0.3839084291537321
255,2018-04-22,22,W,33,13,7.143755715,3.9007967714285714,286.71,334.07,0.86,-0.6397912348835232,0.3646113581059551,0.3010077913119187,0.722089660367864,0.7479175749022147
256,2018-04-22,22,W,33,15,6.584925902857143,4.8194483,65.71,74.33,0.88,-1.4502042475228898,0.3646113581059551,0.3010077913119187,-1.2201493563274493,-2.004734454432465
257,2018-04-22,22,W,33,16,6.928894432000001,5.4074117333333325,204.86,270.0,0.76,-1.4502042475228898,0.3646113581059551,0.3010077913119187,0.722089660367864,-0.06249543773715194
258,2018-05-12,23,L,7,1,8.079867575,4.6296333333333335,212.43,245.47,0.87,0.7108971195154209,0.3646113581059551,0.3010077913119187,0.722089660367864,2.0986059293011587
259,2018-05-12,23,L,7,2,6.1675975266666665,5.333337599999999,296.43,302.03,0.98,0.7108971195154209,0.3646113581059551,0.3010077913119187,-1.2201493563274493,0.15636691260584554
260,2018-05-12,23,L,7,4,6.131254905,5.3888932,281.71,319.63,0.88,0.44075944863563216,0.3646113581059551,0.3010077913119187,0.722089660367864,1.82846825842137
261,2018-05-12,23,L,7,5,8.34167334,5.694449,32.0,77.1,0.42,0.9810347903952098,0.3646113581059551,0.3010077913119187,-1.2201493563274493,0.4265045834856343
262,2018-05-12,23,L,7,7,6.6361164200000005,4.52083695,232.71,242.77,0.96,0.17062177775584333,0.3646113581059551,0.3010077913119187,0.722089660367864,1.5583305875415812
263,2018-05-12,23,L,7,8,7.003477825,4.607146542857143,250.43,213.57,1.17,0.9810347903952098,0.3646113581059551,0.3010077913119187,0.722089660367864,2.3687436001809474
264,2018-05-12,23,L,7,11,7.077088995,5.7777824,395.0,371.53,1.06,0.44075944863563216,0.3646113581059551,0.3010077913119187,0.722089660367864,1.82846825842137
265,2018-05-12,23,L,7,12,5.863893580000001,3.6944474,34.29,77.77,0.44,0.44075944863563216,0.3646113581059551,0.3010077913119187,-1.2201493563274493,-0.11377075827394335
266,2018-05-12,23,L,7,13,6.98889448,5.4444488,362.14,285.23,1.27,0.7108971195154209,0.3646113581059551,0.3010077913119187,0.722089660367864,2.0986059293011587
267,2018-05-12,23,L,7,15,5.9546343933333326,4.7500038,96.57,145.53,0.66,3.1421361574335207,0.3646113581059551,0.3010077913119187,0.722089660367864,4.529844967219258
268,2018-05-12,23,L,7,16,6.904449968,5.1250041,242.29,283.53,0.85,1.2511724612749986,0.3646113581059551,0.3010077913119187,0.722089660367864,2.638881271060737
269,2018-05-12,24,W,24,1,7.36945034,5.916671400000001,212.43,245.47,0.87,0.7108971195154209,0.3646113581059551,0.3010077913119187,0.722089660367864,2.0986059293011587
270,2018-05-12,24,W,24,2,7.633894996,4.805559400000001,296.43,302.03,0.98,0.7108971195154209,0.3646113581059551,0.3010077913119187,-1.2201493563274493,0.15636691260584554
271,2018-05-12,24,W,24,4,6.304634673333332,5.6111156,281.71,319.63,0.88,0.44075944863563216,0.3646113581059551,0.3010077913119187,0.722089660367864,1.82846825842137
272,2018-05-12,24,W,24,5,8.53056238,5.8055602,32.0,77.1,0.42,0.9810347903952098,0.3646113581059551,0.3010077913119187,-1.2201493563274493,0.4265045834856343
273,2018-05-12,24,W,24,7,6.750799051428572,4.3333368,232.71,242.77,0.96,0.17062177775584333,0.3646113581059551,0.3010077913119187,0.722089660367864,1.5583305875415812
274,2018-05-12,24,W,24,8,7.009264866666666,4.5555592,250.43,213.57,1.17,0.9810347903952098,0.3646113581059551,0.3010077913119187,0.722089660367864,2.3687436001809474
275,2018-05-12,24,W,24,11,6.362042126666666,4.722226,395.0,371.53,1.06,0.44075944863563216,0.3646113581059551,0.3010077913119187,0.722089660367864,1.82846825842137
276,2018-05-12,24,W,24,12,6.279634653333333,5.4722266,34.29,77.77,0.44,0.44075944863563216,0.3646113581059551,0.3010077913119187,-1.2201493563274493,-0.11377075827394335
277,2018-05-12,24,W,24,13,7.018894504,4.8333372,362.14,285.23,1.27,0.7108971195154209,0.3646113581059551,0.3010077913119187,0.722089660367864,2.0986059293011587
278,2018-05-12,24,W,24,15,6.415282910000001,4.965281749999999,96.57,145.53,0.66,3.1421361574335207,0.3646113581059551,0.3010077913119187,0.722089660367864,4.529844967219258
279,2018-05-12,24,W,24,16,6.828576891428571,4.3101886333333335,242.29,283.53,0.85,1.2511724612749986,0.3646113581059551,0.3010077913119187,0.722089660367864,2.638881271060737
280,2018-05-12,25,W,19,1,7.237228012,4.7500038,212.43,245.47,0.87,0.7108971195154209,0.3646113581059551,0.3010077913119187,0.722089660367864,2.0986059293011587
281,2018-05-12,25,W,19,2,6.1094493320000005,5.277781999999998,296.43,302.03,0.98,0.7108971195154209,0.3646113581059551,0.3010077913119187,-1.2201493563274493,0.15636691260584554
282,2018-05-12,25,W,19,4,6.959529377142857,4.666670399999999,281.71,319.63,0.88,0.44075944863563216,0.3646113581059551,0.3010077913119187,0.722089660367864,1.82846825842137
283,2018-05-12,25,W,19,5,7.839450716,5.6666712,32.0,77.1,0.42,0.9810347903952098,0.3646113581059551,0.3010077913119187,-1.2201493563274493,0.4265045834856343
284,2018-05-12,25,W,19,7,7.442367065,5.3055598,232.71,242.77,0.96,0.17062177775584333,0.3646113581059551,0.3010077913119187,0.722089660367864,1.5583305875415812
285,2018-05-12,25,W,19,8,7.01111672,5.916671400000001,250.43,213.57,1.17,0.9810347903952098,0.3646113581059551,0.3010077913119187,0.722089660367864,2.3687436001809474
286,2018-05-12,25,W,19,10,7.27639471,5.9444492,264.29,260.07,1.02,-0.09951589312394553,0.3646113581059551,0.3010077913119187,0.722089660367864,1.2881929166617925
287,2018-05-12,25,W,19,11,7.427783720000001,5.3472265,395.0,371.53,1.06,0.44075944863563216,0.3646113581059551,0.3010077913119187,0.722089660367864,1.82846825842137
288,2018-05-12,25,W,19,12,7.018524133333332,5.8888935999999985,34.29,77.77,0.44,0.44075944863563216,0.3646113581059551,0.3010077913119187,-1.2201493563274493,-0.11377075827394335
289,2018-05-12,25,W,19,13,6.026393710000002,4.8750039,362.14,285.23,1.27,0.7108971195154209,0.3646113581059551,0.3010077913119187,0.722089660367864,2.0986059293011587
290,2018-05-12,25,W,19,15,6.6826442350000015,5.5000044,96.57,145.53,0.66,3.1421361574335207,0.3646113581059551,0.3010077913119187,0.722089660367864,4.529844967219258
291,2018-05-12,25,W,19,16,5.722921245,4.722226,242.29,283.53,0.85,1.2511724612749986,0.3646113581059551,0.3010077913119187,0.722089660367864,2.638881271060737
292,2018-05-13,26,L,26,1,8.180006544,4.444448,284.86,253.1,1.13,-0.09951589312394553,0.3646113581059551,0.3010077913119187,0.722089660367864,1.2881929166617925
293,2018-05-13,26,L,26,2,7.2541724699999985,4.7777816,371.43,309.07,1.2,-0.6397912348835232,-2.7426463212629906,0.3010077913119187,0.722089660367864,-2.359340104466731
294,2018-05-13,26,L,26,4,7.3435243933333325,4.972226200000001,390.71,328.0,1.19,-1.1800665766431009,0.3646113581059551,0.3010077913119187,0.722089660367864,0.20764223314263694
295,2018-05-13,26,L,26,5,7.736117299999999,4.605559240000002,32.0,73.37,0.44,0.44075944863563216,-2.7426463212629906,0.3010077913119187,-1.2201493563274493,-3.221028437642889
296,2018-05-13,26,L,26,7,7.8333395999999995,4.398151666666667,280.71,242.57,1.16,-0.6397912348835232,-2.7426463212629906,0.3010077913119187,0.722089660367864,-2.359340104466731
297,2018-05-13,26,L,26,8,7.471765236666666,5.064818866666666,250.43,197.83,1.27,-1.4502042475228898,-2.7426463212629906,0.3010077913119187,-1.2201493563274493,-5.111992133801412
298,2018-05-13,26,L,26,10,7.7809090025,4.2777812000000015,290.71,251.63,1.16,-0.6397912348835232,-2.7426463212629906,0.3010077913119187,0.722089660367864,-2.359340104466731
299,2018-05-13,26,L,26,11,6.93472777,4.3888924000000005,546.29,395.43,1.38,0.17062177775584333,0.3646113581059551,0.3010077913119187,0.722089660367864,1.5583305875415812
300,2018-05-13,26,L,26,12,4.338892360000001,5.5833378,38.57,78.77,0.49,0.17062177775584333,0.3646113581059551,0.3010077913119187,-1.2201493563274493,-0.3839084291537321
301,2018-05-13,26,L,26,13,6.902088855,4.6944482,446.0,289.0,1.54,-0.09951589312394553,0.3646113581059551,0.3010077913119187,0.722089660367864,1.2881929166617925
302,2018-05-13,26,L,26,15,3.920142025,4.8333372,96.57,145.53,0.66,1.7914478030345764,0.3646113581059551,0.3010077913119187,0.722089660367864,3.1791566128203144
303,2018-05-13,26,L,26,16,4.2013922500000005,5.1111152,313.29,288.2,1.09,-1.1800665766431009,-2.7426463212629906,0.3010077913119187,-1.2201493563274493,-4.841854462921623
304,2018-05-13,27,W,35,1,7.90556188,4.6388926,284.86,253.1,1.13,-0.09951589312394553,0.3646113581059551,0.3010077913119187,0.722089660367864,1.2881929166617925
305,2018-05-13,27,W,35,2,6.380005103999999,5.2222264,371.43,309.07,1.2,-0.6397912348835232,-2.7426463212629906,0.3010077913119187,0.722089660367864,-2.359340104466731
306,2018-05-13,27,W,35,4,5.701988688571428,5.5833378,390.71,328.0,1.19,-1.1800665766431009,0.3646113581059551,0.3010077913119187,0.722089660367864,0.20764223314263694
307,2018-05-13,27,W,35,5,7.466117083999999,4.09444772,32.0,73.37,0.44,0.44075944863563216,-2.7426463212629906,0.3010077913119187,-1.2201493563274493,-3.221028437642889
308,2018-05-13,27,W,35,7,6.862505489999998,4.458336900000001,280.71,242.57,1.16,-0.6397912348835232,-2.7426463212629906,0.3010077913119187,0.722089660367864,-2.359340104466731
309,2018-05-13,27,W,35,8,7.7127045828571426,4.425929466666667,250.43,197.83,1.27,-1.4502042475228898,-2.7426463212629906,0.3010077913119187,-1.2201493563274493,-5.111992133801412
310,2018-05-13,27,W,35,11,7.762969173333333,4.6805593,546.29,395.43,1.38,0.17062177775584333,0.3646113581059551,0.3010077913119187,0.722089660367864,1.5583305875415812
311,2018-05-13,27,W,35,12,5.142133743333333,3.7777808,38.57,78.77,0.49,0.17062177775584333,0.3646113581059551,0.3010077913119187,-1.2201493563274493,-0.3839084291537321
312,2018-05-13,27,W,35,13,7.143755715,3.9007967714285714,446.0,289.0,1.54,-0.09951589312394553,0.3646113581059551,0.3010077913119187,0.722089660367864,1.2881929166617925
313,2018-05-13,27,W,35,15,6.584925902857143,4.8194483,96.57,145.53,0.66,1.7914478030345764,0.3646113581059551,0.3010077913119187,0.722089660367864,3.1791566128203144
314,2018-05-13,27,W,35,16,6.928894432000001,5.4074117333333325,313.29,288.2,1.09,-1.1800665766431009,-2.7426463212629906,0.3010077913119187,-1.2201493563274493,-4.841854462921623
315,2018-05-13,28,W,29,1,8.079867575,4.6296333333333335,284.86,253.1,1.13,-0.09951589312394553,0.3646113581059551,0.3010077913119187,0.722089660367864,1.2881929166617925
316,2018-05-13,28,W,29,2,6.1675975266666665,5.333337599999999,371.43,309.07,1.2,-0.6397912348835232,-2.7426463212629906,0.3010077913119187,0.722089660367864,-2.359340104466731
317,2018-05-13,28,W,29,4,6.131254905,5.3888932,390.71,328.0,1.19,-1.1800665766431009,0.3646113581059551,0.3010077913119187,0.722089660367864,0.20764223314263694
318,2018-05-13,28,W,29,5,8.34167334,5.694449,32.0,73.37,0.44,0.44075944863563216,-2.7426463212629906,0.3010077913119187,-1.2201493563274493,-3.221028437642889
319,2018-05-13,28,W,29,7,6.6361164200000005,4.52083695,280.71,242.57,1.16,-0.6397912348835232,-2.7426463212629906,0.3010077913119187,0.722089660367864,-2.359340104466731
320,2018-05-13,28,W,29,8,7.003477825,4.607146428571427,250.43,197.83,1.27,-1.4502042475228898,-2.7426463212629906,0.3010077913119187,-1.2201493563274493,-5.111992133801412
321,2018-05-13,28,W,29,11,7.077088995,5.777782,546.29,395.43,1.38,0.17062177775584333,0.3646113581059551,0.3010077913119187,0.722089660367864,1.5583305875415812
322,2018-05-13,28,W,29,12,5.863893571428571,3.6944474,38.57,78.77,0.49,0.17062177775584333,0.3646113581059551,0.3010077913119187,-1.2201493563274493,-0.3839084291537321
323,2018-05-13,28,W,29,13,6.988894500000001,5.444449,446.0,289.0,1.54,-0.09951589312394553,0.3646113581059551,0.3010077913119187,0.722089660367864,1.2881929166617925
324,2018-05-13,28,W,29,15,5.9546343933333326,4.750004,96.57,145.53,0.66,1.7914478030345764,0.3646113581059551,0.3010077913119187,0.722089660367864,3.1791566128203144
325,2018-05-13,28,W,29,16,6.904449968,5.1250041,313.29,288.2,1.09,-1.1800665766431009,-2.7426463212629906,0.3010077913119187,-1.2201493563274493,-4.841854462921623
326,2018-06-08,29,W,31,1,7.554867155,5.3611154,130.29,269.7,0.48,0.44075944863563216,0.3646113581059551,0.3010077913119187,0.722089660367864,1.82846825842137
327,2018-06-08,29,W,31,2,6.393338448,4.9722262000000015,169.29,321.67,0.53,0.17062177775584333,0.3646113581059551,0.3010077913119187,0.722089660367864,1.5583305875415812
328,2018-06-08,29,W,31,3,6.811672116,4.9166706,246.86,410.6,0.6,0.44075944863563216,0.3646113581059551,0.3010077913119187,0.722089660367864,1.82846825842137
329,2018-06-08,29,W,31,4,6.197782736000001,4.583337,162.86,237.67,0.69,-1.1800665766431009,0.3646113581059551,0.3010077913119187,0.722089660367864,0.20764223314263694
330,2018-06-08,29,W,31,5,8.406951170000001,4.5000035999999985,27.57,89.23,0.31,1.5213101321547875,-2.7426463212629906,-1.531738311074503,-1.2201493563274493,-3.9732238565101548
331,2018-06-08,29,W,31,7,7.615283870000002,5.8055602,249.29,307.5,0.81,-0.3696535640037344,0.3646113581059551,0.3010077913119187,0.722089660367864,1.0180552457820036
332,2018-06-08,29,W,31,8,6.404634753333332,5.3888932,242.29,329.4,0.74,2.061585473914365,0.3646113581059551,0.3010077913119187,-1.2201493563274493,1.5070552670047894
333,2018-06-08,29,W,31,11,6.786116540000001,4.6944482,206.29,404.43,0.51,-0.09951589312394553,0.3646113581059551,0.3010077913119187,-1.2201493563274493,-0.6540461000335209
334,2018-06-08,29,W,31,13,6.11528267,4.8333372,216.43,329.73,0.66,0.44075944863563216,0.3646113581059551,0.3010077913119187,0.722089660367864,1.82846825842137
335,2018-06-08,29,W,31,14,6.9027832999999985,4.6574111333333335,128.14,247.73,0.52,-0.909928905763312,0.3646113581059551,0.3010077913119187,0.722089660367864,0.4777799040224257
336,2018-06-08,29,W,31,15,5.460421035,3.857145942857142,0.0,50.53,0.0,0.44075944863563216,0.3646113581059551,0.3010077913119187,0.722089660367864,1.82846825842137
337,2018-06-08,29,W,31,16,6.3550976766666665,5.2222264,143.57,279.6,0.51,0.9810347903952098,0.3646113581059551,0.3010077913119187,0.722089660367864,2.3687436001809474
338,2018-06-08,30,W,21,1,8.0416731,5.2685227333333335,130.29,269.7,0.48,0.44075944863563216,0.3646113581059551,0.3010077913119187,0.722089660367864,1.82846825842137
339,2018-06-08,30,W,21,2,7.9740804533333325,4.9166706,169.29,321.67,0.53,0.17062177775584333,0.3646113581059551,0.3010077913119187,0.722089660367864,1.5583305875415812
340,2018-06-08,30,W,21,3,6.954635193333334,5.5000044,246.86,410.6,0.6,0.44075944863563216,0.3646113581059551,0.3010077913119187,0.722089660367864,1.82846825842137
341,2018-06-08,30,W,21,4,7.301857693333332,5.416671000000001,162.86,237.67,0.69,-1.1800665766431009,0.3646113581059551,0.3010077913119187,0.722089660367864,0.20764223314263694
342,2018-06-08,30,W,21,5,8.28056218,5.6388934,27.57,89.23,0.31,1.5213101321547875,-2.7426463212629906,-1.531738311074503,-1.2201493563274493,-3.9732238565101548
343,2018-06-08,30,W,21,7,5.856254685,3.685188133333333,249.29,307.5,0.81,-0.3696535640037344,0.3646113581059551,0.3010077913119187,0.722089660367864,1.0180552457820036
344,2018-06-08,30,W,21,8,7.1597279500000015,5.416671,242.29,329.4,0.74,2.061585473914365,0.3646113581059551,0.3010077913119187,-1.2201493563274493,1.5070552670047894
345,2018-06-08,30,W,21,11,6.25833834,5.333337599999999,206.29,404.43,0.51,-0.09951589312394553,0.3646113581059551,0.3010077913119187,-1.2201493563274493,-0.6540461000335209
346,2018-06-08,30,W,21,13,7.467069465714284,4.259262666666666,216.43,329.73,0.66,0.44075944863563216,0.3646113581059551,0.3010077913119187,0.722089660367864,1.82846825842137
347,2018-06-08,30,W,21,14,7.11250569,3.9722254,128.14,247.73,0.52,-0.909928905763312,0.3646113581059551,0.3010077913119187,0.722089660367864,0.4777799040224257
348,2018-06-08,30,W,21,15,7.603709786666667,5.791671299999999,0.0,50.53,0.0,0.44075944863563216,0.3646113581059551,0.3010077913119187,0.722089660367864,1.82846825842137
349,2018-06-08,30,W,21,16,7.033894515999999,5.5833378,143.57,279.6,0.51,0.9810347903952098,0.3646113581059551,0.3010077913119187,0.722089660367864,2.3687436001809474
350,2018-06-08,31,L,14,1,8.33472889,4.611114799999998,130.29,269.7,0.48,0.44075944863563216,0.3646113581059551,0.3010077913119187,0.722089660367864,1.82846825842137
351,2018-06-08,31,L,14,2,7.676857993333333,5.4722266,169.29,321.67,0.53,0.17062177775584333,0.3646113581059551,0.3010077913119187,0.722089660367864,1.5583305875415812
352,2018-06-08,31,L,14,3,6.6851905333333335,4.5000035999999985,246.86,410.6,0.6,0.44075944863563216,0.3646113581059551,0.3010077913119187,0.722089660367864,1.82846825842137
353,2018-06-08,31,L,14,4,7.531672691999999,5.138893,162.86,237.67,0.69,-1.1800665766431009,0.3646113581059551,0.3010077913119187,0.722089660367864,0.20764223314263694
354,2018-06-08,31,L,14,5,6.7763943100000015,5.833338,27.57,89.23,0.31,1.5213101321547875,-2.7426463212629906,-1.531738311074503,-1.2201493563274493,-3.9732238565101548
355,2018-06-08,31,L,14,7,6.424542176666668,3.72916965,249.29,307.5,0.81,-0.3696535640037344,0.3646113581059551,0.3010077913119187,0.722089660367864,1.0180552457820036
356,2018-06-08,31,L,14,8,6.407644015000002,4.342596066666667,242.29,329.4,0.74,2.061585473914365,0.3646113581059551,0.3010077913119187,-1.2201493563274493,1.5070552670047894
357,2018-06-08,31,L,14,11,7.167135363333332,5.5833378,206.29,404.43,0.51,-0.09951589312394553,0.3646113581059551,0.3010077913119187,-1.2201493563274493,-0.6540461000335209
358,2018-06-08,31,L,14,13,7.100700125,5.138893,216.43,329.73,0.66,0.44075944863563216,0.3646113581059551,0.3010077913119187,0.722089660367864,1.82846825842137
359,2018-06-08,31,L,14,14,4.893753915,5.9444492,128.14,247.73,0.52,-0.909928905763312,0.3646113581059551,0.3010077913119187,0.722089660367864,0.4777799040224257
360,2018-06-08,31,L,14,15,6.680097936666668,5.333337599999999,0.0,50.53,0.0,0.44075944863563216,0.3646113581059551,0.3010077913119187,0.722089660367864,1.82846825842137
361,2018-06-08,31,L,14,16,7.1105612439999994,5.9444492,143.57,279.6,0.51,0.9810347903952098,0.3646113581059551,0.3010077913119187,0.722089660367864,2.3687436001809474
362,2018-06-09,32,W,26,1,7.726672848,4.930559499999998,130.29,269.7,0.48,-0.3696535640037344,0.3646113581059551,0.3010077913119187,0.722089660367864,1.0180552457820036
363,2018-06-09,32,W,26,2,7.1217649566666665,5.333337599999999,169.29,317.67,0.53,-0.909928905763312,-2.7426463212629906,0.3010077913119187,-1.2201493563274493,-4.5717167920418325
364,2018-06-09,32,W,26,3,7.953478585000001,5.694449,308.86,397.57,0.78,-0.09951589312394553,0.3646113581059551,0.3010077913119187,0.722089660367864,1.2881929166617925
365,2018-06-09,32,W,26,4,6.2104216349999986,4.759263066666667,162.86,237.67,0.69,-1.1800665766431009,0.3646113581059551,0.3010077913119187,0.722089660367864,0.20764223314263694
366,2018-06-09,32,W,26,5,8.466117883999999,5.680560099999999,27.57,89.23,0.31,0.9810347903952098,-2.7426463212629906,-1.531738311074503,-1.2201493563274493,-4.513499198269733
367,2018-06-09,32,W,26,7,8.082546148571428,4.319447900000001,304.86,320.47,0.95,-0.909928905763312,0.3646113581059551,0.3010077913119187,0.722089660367864,0.4777799040224257
368,2018-06-09,32,W,26,8,6.21389386,5.1666707999999995,293.43,341.33,0.86,1.7914478030345764,0.3646113581059551,0.3010077913119187,0.722089660367864,3.1791566128203144
369,2018-06-09,32,W,26,11,7.55695049,5.972226999999998,222.29,408.17,0.54,-0.6397912348835232,0.3646113581059551,0.3010077913119187,-1.2201493563274493,-1.1943214417930987
370,2018-06-09,32,W,26,13,6.5722274800000005,5.1527819,284.43,345.6,0.82,-0.3696535640037344,0.3646113581059551,0.3010077913119187,0.722089660367864,1.0180552457820036
371,2018-06-09,32,W,26,14,6.77917209,5.416671,128.14,226.4,0.57,-0.6397912348835232,0.3646113581059551,0.3010077913119187,0.722089660367864,0.7479175749022147
372,2018-06-09,32,W,26,15,4.45694801,4.0555588,9.43,52.73,0.18,0.7108971195154209,0.3646113581059551,0.3010077913119187,0.722089660367864,2.0986059293011587
373,2018-06-09,32,W,26,16,5.865976915,4.722226,177.57,287.53,0.62,-0.3696535640037344,-2.7426463212629906,0.3010077913119187,-1.2201493563274493,-4.031441450282257
374,2018-06-09,33,L,7,1,7.500006,5.7500046,130.29,269.7,0.48,-0.3696535640037344,0.3646113581059551,0.3010077913119187,0.722089660367864,1.0180552457820036
375,2018-06-09,33,L,7,2,6.637968273333333,5.4722266,169.29,317.67,0.53,-0.909928905763312,-2.7426463212629906,0.3010077913119187,-1.2201493563274493,-4.5717167920418325
376,2018-06-09,33,L,7,3,6.483338519999998,5.3055598,308.86,397.57,0.78,-0.09951589312394553,0.3646113581059551,0.3010077913119187,0.722089660367864,1.2881929166617925
377,2018-06-09,33,L,7,4,7.856117395999999,5.138893,162.86,237.67,0.69,-1.1800665766431009,0.3646113581059551,0.3010077913119187,0.722089660367864,0.20764223314263694
378,2018-06-09,33,L,7,5,8.22500658,5.55556,27.57,89.23,0.31,0.9810347903952098,-2.7426463212629906,-1.531738311074503,-1.2201493563274493,-4.513499198269733
379,2018-06-09,33,L,7,7,7.8455618320000005,4.458336900000001,304.86,320.47,0.95,-0.909928905763312,0.3646113581059551,0.3010077913119187,0.722089660367864,0.4777799040224257
380,2018-06-09,33,L,7,8,5.3222264799999985,4.8333372,293.43,341.33,0.86,1.7914478030345764,0.3646113581059551,0.3010077913119187,0.722089660367864,3.1791566128203144
381,2018-06-09,33,L,7,11,6.603179885714287,5.972226999999998,222.29,408.17,0.54,-0.6397912348835232,0.3646113581059551,0.3010077913119187,-1.2201493563274493,-1.1943214417930987
382,2018-06-09,33,L,7,13,5.8050046439999985,4.648151866666667,284.43,345.6,0.82,-0.3696535640037344,0.3646113581059551,0.3010077913119187,0.722089660367864,1.0180552457820036
383,2018-06-09,33,L,7,15,5.989588125,4.1388922,9.43,52.73,0.18,0.7108971195154209,0.3646113581059551,0.3010077913119187,0.722089660367864,2.0986059293011587
384,2018-06-09,33,L,7,16,4.51944806,5.5000044,177.57,287.53,0.62,-0.3696535640037344,-2.7426463212629906,0.3010077913119187,-1.2201493563274493,-4.031441450282257
385,2018-06-10,34,W,17,1,7.95556192,5.2083375,152.86,268.97,0.57,-0.3696535640037344,-2.7426463212629906,0.3010077913119187,-1.2201493563274493,-4.031441450282257
386,2018-06-10,34,W,17,2,7.506487486666668,5.6666712,169.29,305.67,0.55,-0.09951589312394553,-2.7426463212629906,0.3010077913119187,-1.2201493563274493,-3.761303779402467
387,2018-06-10,34,W,17,3,7.038894520000001,4.4166702,340.86,397.03,0.86,-0.6397912348835232,0.3646113581059551,0.3010077913119187,0.722089660367864,0.7479175749022147
388,2018-06-10,34,W,17,4,7.332876236666666,4.9444484000000015,281.71,259.4,1.09,-1.7203419184026785,0.3646113581059551,0.3010077913119187,0.722089660367864,-0.3326331086169406
389,2018-06-10,34,W,17,5,8.06250645,5.2083375,27.57,89.23,0.31,-1.7203419184026785,0.3646113581059551,0.3010077913119187,0.722089660367864,-0.3326331086169406
390,2018-06-10,34,W,17,7,7.718987656666666,4.9722262000000015,304.86,310.47,0.98,-0.909928905763312,-2.7426463212629906,0.3010077913119187,0.722089660367864,-2.62947777534652
391,2018-06-10,34,W,17,8,6.425560696000001,4.731485266666667,325.14,338.73,0.96,-0.09951589312394553,0.3646113581059551,0.3010077913119187,0.722089660367864,1.2881929166617925
392,2018-06-10,34,W,17,11,6.194449400000001,5.3611154,223.86,396.53,0.56,-0.909928905763312,0.3646113581059551,0.3010077913119187,-1.2201493563274493,-1.4644591126728876
393,2018-06-10,34,W,17,13,6.504634833333334,4.39583685,319.14,341.7,0.93,-0.3696535640037344,0.3646113581059551,0.3010077913119187,0.722089660367864,1.0180552457820036
394,2018-06-10,34,W,17,15,6.906672191999999,5.8888935999999985,9.43,52.73,0.18,1.7914478030345764,0.3646113581059551,0.3010077913119187,-1.2201493563274493,1.2369175961250012
395,2018-07-20,35,W,43,1,8.229867695,4.861115,85.71,166.33,0.52,-0.6397912348835232,0.3646113581059551,0.3010077913119187,0.722089660367864,0.7479175749022147
396,2018-07-20,35,W,43,2,7.02917229,4.9444484000000015,117.14,333.8,0.35,0.44075944863563216,-2.7426463212629906,0.3010077913119187,0.722089660367864,-1.2787894209475759
397,2018-07-20,35,W,43,3,7.970145264999998,4.6833370799999985,105.0,366.43,0.29,0.9810347903952098,0.3646113581059551,0.3010077913119187,0.722089660367864,2.3687436001809474
398,2018-07-20,35,W,43,4,6.57639415,4.8333372,42.86,287.27,0.15,0.9810347903952098,0.3646113581059551,0.3010077913119187,0.722089660367864,2.3687436001809474
399,2018-07-20,35,W,43,5,5.95417143,4.305559,42.86,94.0,0.46,2.331723144794154,0.3646113581059551,0.3010077913119187,-1.2201493563274493,1.7771929378845783
400,2018-07-20,35,W,43,7,7.970145265000001,5.8055602,141.43,335.5,0.42,0.17062177775584333,0.3646113581059551,0.3010077913119187,0.722089660367864,1.5583305875415812
401,2018-07-20,35,W,43,10,8.23750659,5.0138929,122.14,288.67,0.42,-0.09951589312394553,0.3646113581059551,-1.531738311074503,0.722089660367864,-0.5445531857246294
402,2018-07-20,35,W,43,11,8.06111756,5.041670699999999,256.29,375.57,0.68,0.9810347903952098,0.3646113581059551,-1.531738311074503,0.722089660367864,0.5359974977945258
403,2018-07-20,35,W,43,13,6.710560924000001,4.729170450000002,259.43,292.83,0.89,0.7108971195154209,0.3646113581059551,0.3010077913119187,0.722089660367864,2.0986059293011587
404,2018-07-20,35,W,43,14,5.113337424,4.6666704,64.29,307.87,0.21,0.9810347903952098,0.3646113581059551,0.3010077913119187,0.722089660367864,2.3687436001809474
405,2018-07-20,35,W,43,15,6.917227756,4.1805588999999985,34.29,150.9,0.23,2.871998486553732,0.3646113581059551,0.3010077913119187,0.722089660367864,4.259707296339469
406,2018-07-20,35,W,43,16,6.251116112,5.5833378,100.0,378.33,0.26,0.9810347903952098,0.3646113581059551,0.3010077913119187,0.722089660367864,2.3687436001809474
407,2018-07-20,36,L,19,1,7.635006108000001,5.0277818,85.71,166.33,0.52,-0.6397912348835232,0.3646113581059551,0.3010077913119187,0.722089660367864,0.7479175749022147
408,2018-07-20,36,L,19,2,5.8263935500000015,4.486114700000001,117.14,333.8,0.35,0.44075944863563216,-2.7426463212629906,0.3010077913119187,0.722089660367864,-1.2787894209475759
409,2018-07-20,36,L,19,3,5.917134363333332,4.56250365,105.0,366.43,0.29,0.9810347903952098,0.3646113581059551,0.3010077913119187,0.722089660367864,2.3687436001809474
410,2018-07-20,36,L,19,4,6.590746013333333,5.9444492,42.86,287.27,0.15,0.9810347903952098,0.3646113581059551,0.3010077913119187,0.722089660367864,2.3687436001809474
411,2018-07-20,36,L,19,5,8.041117544,5.7222268,42.86,94.0,0.46,2.331723144794154,0.3646113581059551,0.3010077913119187,-1.2201493563274493,1.7771929378845783
412,2018-07-20,36,L,19,7,8.073154606666668,5.0833374000000005,141.43,335.5,0.42,0.17062177775584333,0.3646113581059551,0.3010077913119187,0.722089660367864,1.5583305875415812
413,2018-07-20,36,L,19,10,7.702320976666668,4.7500038,122.14,288.67,0.42,-0.09951589312394553,0.3646113581059551,-1.531738311074503,0.722089660367864,-0.5445531857246294
414,2018-07-20,36,L,19,11,5.728245323333333,5.5277822,256.29,375.57,0.68,0.9810347903952098,0.3646113581059551,-1.531738311074503,0.722089660367864,0.5359974977945258
415,2018-07-20,36,L,19,13,6.837042506666666,4.9861151,259.43,292.83,0.89,0.7108971195154209,0.3646113581059551,0.3010077913119187,0.722089660367864,2.0986059293011587
416,2018-07-20,36,L,19,14,4.874077973333334,3.6746061142857145,64.29,307.87,0.21,0.9810347903952098,0.3646113581059551,0.3010077913119187,0.722089660367864,2.3687436001809474
417,2018-07-20,36,L,19,15,6.760422074999998,5.694449,34.29,150.9,0.23,2.871998486553732,0.3646113581059551,0.3010077913119187,0.722089660367864,4.259707296339469
418,2018-07-20,36,L,19,16,6.554866355,5.000004,100.0,378.33,0.26,0.9810347903952098,0.3646113581059551,0.3010077913119187,0.722089660367864,2.3687436001809474
419,2018-07-21,37,L,14,1,7.53056158,5.9444492,85.71,153.33,0.56,-1.4502042475228898,0.3646113581059551,0.3010077913119187,0.722089660367864,-0.06249543773715194
420,2018-07-21,37,L,14,2,4.267781191999998,4.43750355,108.57,303.47,0.36,0.17062177775584333,-2.7426463212629906,0.3010077913119187,0.722089660367864,-1.5489270918273643
421,2018-07-21,37,L,14,3,7.3750059000000014,5.625004500000001,105.0,347.43,0.3,0.17062177775584333,0.3646113581059551,0.3010077913119187,0.722089660367864,1.5583305875415812
422,2018-07-21,37,L,14,4,6.375699545,5.6666712,42.86,260.77,0.16,-0.909928905763312,0.3646113581059551,0.3010077913119187,0.722089660367864,0.4777799040224257
423,2018-07-21,37,L,14,5,7.523154166666667,4.0972254999999995,42.86,94.0,0.46,0.44075944863563216,0.3646113581059551,0.3010077913119187,-1.2201493563274493,-0.11377075827394335
424,2018-07-21,37,L,14,7,7.732942694285714,5.7500046,141.43,308.5,0.46,-0.6397912348835232,0.3646113581059551,0.3010077913119187,0.722089660367864,0.7479175749022147
425,2018-07-21,37,L,14,10,7.1175982866666665,5.0833374000000005,122.14,263.33,0.46,-0.909928905763312,0.3646113581059551,-1.531738311074503,0.722089660367864,-1.3549661983639965
426,2018-07-21,37,L,14,11,7.480098576666667,4.8888928,256.29,338.23,0.76,0.44075944863563216,0.3646113581059551,-1.531738311074503,0.722089660367864,-0.0042778439650518205
427,2018-07-21,37,L,14,13,6.722624425714287,4.9444484000000015,323.14,281.03,1.15,0.44075944863563216,0.3646113581059551,0.3010077913119187,0.722089660367864,1.82846825842137
428,2018-07-21,37,L,14,14,3.9975726425,4.6666704,64.29,277.87,0.23,-0.09951589312394553,0.3646113581059551,0.3010077913119187,0.722089660367864,1.2881929166617925
429,2018-07-21,37,L,14,15,5.2337343457142875,4.435188733333334,34.29,129.9,0.26,1.7914478030345764,0.3646113581059551,0.3010077913119187,0.722089660367864,3.1791566128203144
430,2018-07-21,37,L,14,16,7.137042746666666,5.6388934,100.0,357.83,0.28,-0.909928905763312,0.3646113581059551,0.3010077913119187,-1.2201493563274493,-1.4644591126728876
431,2018-07-21,38,W,22,1,7.760422875,5.3611154,85.71,153.33,0.56,-1.4502042475228898,0.3646113581059551,0.3010077913119187,0.722089660367864,-0.06249543773715194
432,2018-07-21,38,W,22,2,7.18889464,4.8750038999999985,108.57,303.47,0.36,0.17062177775584333,-2.7426463212629906,0.3010077913119187,0.722089660367864,-1.5489270918273643
433,2018-07-21,38,W,22,3,6.136116020000001,5.231485666666667,105.0,347.43,0.3,0.17062177775584333,0.3646113581059551,0.3010077913119187,0.722089660367864,1.5583305875415812
434,2018-07-21,38,W,22,4,6.6722275600000005,5.8055602,42.86,260.77,0.16,-0.909928905763312,0.3646113581059551,0.3010077913119187,0.722089660367864,0.4777799040224257
435,2018-07-21,38,W,22,5,6.98333892,4.652781500000001,42.86,94.0,0.46,0.44075944863563216,0.3646113581059551,0.3010077913119187,-1.2201493563274493,-0.11377075827394335
436,2018-07-21,38,W,22,7,7.718339508,5.3055598,141.43,308.5,0.46,-0.6397912348835232,0.3646113581059551,0.3010077913119187,0.722089660367864,0.7479175749022147
437,2018-07-21,38,W,22,10,6.888100748571429,5.3888932,122.14,263.33,0.46,-0.909928905763312,0.3646113581059551,-1.531738311074503,0.722089660367864,-1.3549661983639965
438,2018-07-21,38,W,22,11,6.016274654285714,4.583337,256.29,338.23,0.76,0.44075944863563216,0.3646113581059551,-1.531738311074503,0.722089660367864,-0.0042778439650518205
439,2018-07-21,38,W,22,13,6.620005296,5.333337599999999,323.14,281.03,1.15,0.44075944863563216,0.3646113581059551,0.3010077913119187,0.722089660367864,1.82846825842137
440,2018-07-21,38,W,22,14,7.2083391,5.6388934,64.29,277.87,0.23,-0.09951589312394553,0.3646113581059551,0.3010077913119187,0.722089660367864,1.2881929166617925
441,2018-07-21,38,W,22,15,6.553708946666667,4.564818466666667,34.29,129.9,0.26,1.7914478030345764,0.3646113581059551,0.3010077913119187,0.722089660367864,3.1791566128203144
442,2018-07-21,38,W,22,16,5.512226631999999,5.8055602,100.0,357.83,0.28,-0.909928905763312,0.3646113581059551,0.3010077913119187,-1.2201493563274493,-1.4644591126728876
