,Date,GameID,Outcome,TeamPoints,PlayerID,MaxSpeedInGame,MaxAccelImpulseInGame
0,2017-11-30,1,W,19,2,7.284728049999999,4.423614649999999
992,2017-11-30,1,W,19,3,6.8524360374999995,4.8888928
2036,2017-11-30,1,W,19,4,7.267783592000001,5.694449
2897,2017-11-30,1,W,19,6,6.33889396,4.7777816
3607,2017-11-30,1,W,19,7,7.06528343,4.091273114285714
4674,2017-11-30,1,W,19,8,7.469053594285714,4.972226200000001
5368,2017-11-30,1,W,19,9,6.600560836,4.3194479
6257,2017-11-30,1,W,19,10,8.593062429999998,4.0555588
7311,2017-11-30,1,W,19,11,7.235561344,3.940479342857143
8375,2017-11-30,1,W,19,12,5.593985956666667,4.4722258
9402,2017-11-30,1,W,19,13,7.220144665,4.6388926
9830,2017-11-30,1,W,19,17,5.346300573333333,5.5833378
9968,2017-11-30,2,W,31,2,6.81111656,5.2222264
11083,2017-11-30,2,W,31,3,7.406950370000001,3.65972515
12073,2017-11-30,2,W,31,4,6.8895888450000005,4.935189133333334
13161,2017-11-30,2,W,31,6,7.3412095766666665,4.7777816
14023,2017-11-30,2,W,31,7,6.965746313333334,4.5416703
15128,2017-11-30,2,W,31,8,7.56806161,5.416670999999999
16191,2017-11-30,2,W,31,9,7.37222812,4.327781240000001
17276,2017-11-30,2,W,31,10,6.660190513333333,4.1388922
17715,2017-11-30,2,W,31,11,6.53611634,3.9833365199999995
18783,2017-11-30,2,W,31,12,7.01667228,4.3888924000000005
19893,2017-11-30,2,W,31,13,7.312228072000001,5.8333379999999995
20698,2017-11-30,2,W,31,17,6.82917213,3.9537068666666664
21713,2017-11-30,3,W,31,2,6.900005519999999,4.782411233333334
22778,2017-11-30,3,W,31,3,7.582783844,4.0555588
23850,2017-11-30,3,W,31,4,6.323417757142857,4.0416699000000005
24913,2017-11-30,3,W,31,6,8.090747213333334,5.861115799999999
25228,2017-11-30,3,W,31,7,8.382414113333335,4.675929666666667
26217,2017-11-30,3,W,31,8,7.630164834285714,4.6111148
27241,2017-11-30,3,W,31,9,7.656256125,4.5555592
27847,2017-11-30,3,W,31,10,7.824388975555556,3.9833365200000004
28924,2017-11-30,3,W,31,11,6.650560876,4.4166702
29429,2017-11-30,3,W,31,12,6.562042286666667,4.232642275
30505,2017-11-30,3,W,31,13,6.581255265,5.4444488
31353,2017-11-30,3,W,31,17,6.39167178,4.944448400000001
31876,2017-12-01,4,W,24,2,6.986513525714286,5.972226999999999
32729,2017-12-01,4,W,24,3,7.42500594,4.1111144
33719,2017-12-01,4,W,24,4,4.49444804,4.972226200000001
33996,2017-12-01,4,W,24,6,5.127087435,5.1666707999999995
34199,2017-12-01,4,W,24,7,7.000005600000001,4.2916701
35188,2017-12-01,4,W,24,8,7.1493112750000005,5.3611154
36039,2017-12-01,4,W,24,9,6.356116195999999,4.342596066666666
36977,2017-12-01,4,W,24,10,8.75556256,5.5277822
37328,2017-12-01,4,W,24,11,6.657721375555555,4.4444479999999995
38314,2017-12-01,4,W,24,12,6.688894240000001,4.4722258
39305,2017-12-01,4,W,24,13,6.406486606666667,5.2222264
39923,2017-12-01,4,W,24,14,7.454450408,4.444448
40894,2017-12-01,4,W,24,15,4.250003400000001,5.6111156
41533,2017-12-01,4,W,24,16,7.331950310000001,4.9166706
41850,2017-12-01,4,W,24,17,3.35000268,5.916671400000001
41988,2017-12-01,5,L,7,2,1.50555676,2.4027797
42920,2017-12-01,5,L,7,3,7.2916725,4.638892600000001
43843,2017-12-01,5,L,7,4,5.831671332000001,4.935189133333334
44638,2017-12-01,5,L,7,6,5.658734685714286,4.40972575
45545,2017-12-01,5,L,7,7,7.685422815,4.500003599999999
46505,2017-12-01,5,L,7,8,8.552229063999999,5.3611154
47459,2017-12-01,5,L,7,9,7.1399362674999995,4.4722257999999995
48331,2017-12-01,5,L,7,10,8.025403245714285,0.0
49282,2017-12-01,5,L,7,11,6.5277829999999994,4.3888924000000005
50024,2017-12-01,5,L,7,12,6.3688939840000005,4.805559400000001
50965,2017-12-01,5,L,7,13,7.427228163999999,5.3888932
51647,2017-12-01,5,L,7,17,0.5416671,5.416671
51783,2017-12-01,6,L,5,2,7.05139453,3.5694472999999998
52211,2017-12-01,6,L,5,3,0.68194499,3.2222248
52503,2017-12-01,6,L,5,4,7.867135923333333,5.0555596
52881,2017-12-01,6,L,5,7,4.941207656666666,4.2222256
53226,2017-12-01,6,L,5,8,0.41111143999999994,2.45139085
53518,2017-12-01,6,L,5,9,6.956116675999999,4.972226200000001
54348,2017-12-01,6,L,5,10,7.9777841600000015,4.71111488
54751,2017-12-01,6,L,5,11,5.980004784,4.2500034
55596,2017-12-01,6,L,5,12,6.917783312,4.4444479999999995
56447,2017-12-01,6,L,5,13,7.60000608,3.9965309749999998
56858,2017-12-01,6,L,5,14,1.360417755,4.4722258
57004,2017-12-01,6,L,5,17,6.436810705,4.458336900000001
57399,2018-01-26,7,W,24,2,6.71250537,5.277782
58485,2018-01-26,7,W,24,3,7.799080313333332,4.6666704
59623,2018-01-26,7,W,24,4,6.599449724,4.77222604
60365,2018-01-26,7,W,24,7,7.251593102857143,4.861115
61530,2018-01-26,7,W,24,8,7.981487866666666,5.55556
62652,2018-01-26,7,W,24,9,7.292783612000001,3.8333363999999994
63410,2018-01-26,7,W,24,10,7.502783779999999,5.481485866666667
64575,2018-01-26,7,W,24,11,6.5138941,4.84444832
65379,2018-01-26,7,W,24,12,6.167597526666667,4.18889224
66509,2018-01-26,7,W,24,13,7.346533655,5.416671
67604,2018-01-26,7,W,24,14,5.80833798,5.194448599999999
68522,2018-01-26,8,W,24,2,6.517366325,4.64583705
69379,2018-01-26,8,W,24,3,7.387228132,5.888893599999999
70224,2018-01-26,8,W,24,4,5.79444908,4.8333372
70918,2018-01-26,8,W,24,7,7.5977838559999995,5.4722266
71692,2018-01-26,8,W,24,8,7.550700485,5.2963005333333335
72372,2018-01-26,8,W,24,9,6.69583869,4.425929466666666
73176,2018-01-26,8,W,24,10,8.225469543333334,4.7638926999999995
74100,2018-01-26,8,W,24,11,6.034264086666667,4.259262666666666
74977,2018-01-26,8,W,24,12,5.875930626666666,5.2500042
75610,2018-01-26,8,W,24,13,6.828477685,5.5833378
76325,2018-01-26,8,W,24,14,4.946300253333334,4.805559400000001
76591,2018-01-26,9,W,19,2,6.68889424,4.6666704
76987,2018-01-26,9,W,19,3,6.044912243333333,5.0555596
77701,2018-01-26,9,W,19,4,8.05278422,4.7361149000000005
78410,2018-01-26,9,W,19,7,8.014292125714285,5.000004000000001
79263,2018-01-26,9,W,19,8,6.726116492,4.5138925
80029,2018-01-26,9,W,19,9,6.2782457633333335,3.9930587500000003
80935,2018-01-26,9,W,19,10,6.325798711428573,4.351855333333333
81865,2018-01-26,9,W,19,11,7.7916729,4.79861495
82540,2018-01-26,9,W,19,12,5.915282510000001,4.094447720000001
83480,2018-01-26,9,W,19,13,5.882782484000001,3.6944474
84254,2018-01-26,9,W,19,14,5.606353691428572,3.7388918799999997
85112,2018-01-27,10,W,28,2,7.453339296,4.1111144
86282,2018-01-27,10,W,28,3,7.6527839,5.5277822
87014,2018-01-27,10,W,28,4,7.172227959999998,4.444448
88102,2018-01-27,10,W,28,7,6.4093801275,4.063495314285714
89253,2018-01-27,10,W,28,8,7.529867135,5.129633733333333
90404,2018-01-27,10,W,28,9,6.963200015,5.138893
91079,2018-01-27,10,W,28,10,7.220144665,4.7777816
92233,2018-01-27,10,W,28,11,7.353709586666667,5.6666712
93400,2018-01-27,10,W,28,12,5.207643055,3.814817866666667
94555,2018-01-27,10,W,28,13,5.54722666,5.5000044
95512,2018-01-27,10,W,28,14,5.815745393333334,4.4861147
96032,2018-01-27,11,L,0,1,8.179867655,5.7222268
96595,2018-01-27,11,L,0,2,7.30833918,4.1388922
97492,2018-01-27,11,L,0,3,3.28889152,5.9444492
97855,2018-01-27,11,L,0,4,2.9481505066666664,4.972226200000001
98212,2018-01-27,11,L,0,5,6.930005543999999,3.7936538285714283
99104,2018-01-27,11,L,0,7,3.95000316,5.4722266
99449,2018-01-27,11,L,0,8,6.836811025,5.6111156
100091,2018-01-27,11,L,0,10,7.1427834919999995,4.8425964666666665
100977,2018-01-27,11,L,0,11,7.346302173333334,4.0555588
101858,2018-01-27,11,L,0,12,6.21667164,4.02222544
102748,2018-01-27,11,L,0,13,7.309265106666667,4.42361465
103642,2018-01-27,11,L,0,16,6.339819886666667,4.5555592
104171,2018-01-28,12,W,40,1,7.58611718,5.277782
104931,2018-01-28,12,W,40,2,5.653893412,4.6111148
105950,2018-01-28,12,W,40,3,8.168260502857143,5.8333379999999995
107029,2018-01-28,12,W,40,4,7.03750563,5.046300333333333
108051,2018-01-28,12,W,40,5,7.824212608571427,3.424605914285714
109144,2018-01-28,12,W,40,7,8.368895584,4.861115
110151,2018-01-28,12,W,40,8,7.367228116,5.694449
110764,2018-01-28,12,W,40,10,7.875561856,5.3611154
111675,2018-01-28,12,W,40,11,6.793523953333334,5.916671400000001
112112,2018-01-28,12,W,40,12,4.815744593333333,3.6944474
113130,2018-01-28,12,W,40,13,5.92778252,5.3055598
113734,2018-01-28,12,W,40,16,5.986115900000001,3.4583361000000004
114825,2018-04-13,13,W,29,1,6.595375646666667,5.972226999999999
115260,2018-04-13,13,W,29,2,6.918524053333333,5.2500042
116406,2018-04-13,13,W,29,3,8.501395689999999,4.722226
117458,2018-04-13,13,W,29,4,7.251394690000001,5.6111156
118591,2018-04-13,13,W,29,5,7.610561643999999,5.138893
118860,2018-04-13,13,W,29,7,8.0833398,4.23889228
119969,2018-04-13,13,W,29,8,7.375931826666666,5.7638935
120343,2018-04-13,13,W,29,10,7.800561796000001,4.9166706
121471,2018-04-13,13,W,29,11,7.340005871999999,5.916671400000001
122323,2018-04-13,13,W,29,12,6.598153426666666,4.96111508
123472,2018-04-13,13,W,29,13,6.684449792000001,5.861115799999999
124541,2018-04-13,13,W,29,16,7.186116860000001,4.5555592
125663,2018-04-13,14,W,24,1,7.523617129999999,4.16667
126519,2018-04-13,14,W,24,2,4.65555928,4.9861151
127185,2018-04-13,14,W,24,3,7.4822282079999995,5.6111156
128353,2018-04-13,14,W,24,4,6.61250529,5.097226299999999
128899,2018-04-13,14,W,24,5,7.8372284919999995,4.305559000000001
130094,2018-04-13,14,W,24,7,7.348154026666666,4.6666704
131225,2018-04-13,14,W,24,8,6.5101903933333345,4.7500038
132388,2018-04-13,14,W,24,10,7.89722854,4.597225900000001
133288,2018-04-13,14,W,24,11,7.332413273333334,5.194448599999999
133986,2018-04-13,14,W,24,12,7.094913083333334,5.01667068
135069,2018-04-13,14,W,24,13,6.7260470475,5.000004
136257,2018-04-13,14,W,24,16,5.521671084,4.722226000000001
137307,2018-04-14,15,L,7,1,7.16806129,4.722226
137850,2018-04-14,15,L,7,2,7.702783940000001,3.429015088888889
138902,2018-04-14,15,L,7,3,7.01250561,4.6944482
139659,2018-04-14,15,L,7,4,7.040481822857143,4.561114760000001
140701,2018-04-14,15,L,7,5,7.454450408,5.0833374000000005
141202,2018-04-14,15,L,7,8,6.71944982,4.731485266666668
142237,2018-04-14,15,L,7,10,7.634728330000001,5.791671299999999
142784,2018-04-14,15,L,7,11,6.87778328,5.6388934
143580,2018-04-14,15,L,7,12,6.41944958,4.6944482
144397,2018-04-14,15,L,7,13,7.304635473333334,4.8333372
145287,2018-04-14,15,L,7,14,6.4566023875,4.703707466666667
146306,2018-04-14,15,L,7,16,4.210558924,4.722226
146567,2018-04-15,16,L,7,1,7.027783400000001,5.3611154
147080,2018-04-15,16,L,7,2,6.778246163333335,5.361115399999999
148153,2018-04-15,16,L,7,3,7.5902838500000005,5.0555596
149202,2018-04-15,16,L,7,4,7.865085657142857,4.291670099999999
150260,2018-04-15,16,L,7,5,5.85278246,4.1527811
150596,2018-04-15,16,L,7,8,7.281024343333333,5.5833378
151602,2018-04-15,16,L,7,10,7.178894632,4.944448400000001
152290,2018-04-15,16,L,7,11,6.63194975,5.972226999999999
152618,2018-04-15,16,L,7,12,5.738496654285713,4.250003400000001
153465,2018-04-15,16,L,7,13,5.450467323333334,3.9722254
154542,2018-04-15,16,L,7,14,7.502783780000001,4.6111148
155420,2018-04-15,16,L,7,16,5.69167122,5.7500046
155828,2018-04-15,17,L,19,1,7.38333924,5.1250041
156573,2018-04-15,17,L,19,2,7.136910471428572,4.079368342857143
157607,2018-04-15,17,L,19,4,6.843523993333334,4.9166706
158597,2018-04-15,17,L,19,5,7.970145265000001,4.8888928
159173,2018-04-15,17,L,19,8,7.71806173,4.7500038
160108,2018-04-15,17,L,19,10,8.132784284000001,5.000004
160999,2018-04-15,17,L,19,11,7.76250621,5.916671400000001
161563,2018-04-15,17,L,19,12,6.287042066666667,3.9953735666666663
162437,2018-04-15,17,L,19,13,6.62083863,4.444448
163467,2018-04-15,17,L,19,14,6.6038941719999995,4.666670399999999
164434,2018-04-15,17,L,19,16,6.5683385880000005,5.2222264
165198,2018-04-21,18,W,38,1,7.873154446666667,4.731485266666667
165832,2018-04-21,18,W,38,2,7.248153946666666,4.6111148
166933,2018-04-21,18,W,38,5,8.187043586666666,5.037041066666666
168036,2018-04-21,18,W,38,8,7.934034125,4.6944482
168825,2018-04-21,18,W,38,10,7.151672387999999,4.6666704
169925,2018-04-21,18,W,38,11,6.619052914285715,5.55556
170593,2018-04-21,18,W,38,12,7.515006011999999,4.8888928
171654,2018-04-21,18,W,38,13,7.248616909999999,4.6805593000000005
172749,2018-04-21,18,W,38,14,7.788200675000001,5.2685227333333335
173667,2018-04-21,18,W,38,16,5.98889368,5.138893
174323,2018-04-21,19,L,19,1,7.36945034,5.916671400000001
174826,2018-04-21,19,L,19,2,7.633894996,4.8055594
175820,2018-04-21,19,L,19,4,6.304634673333333,5.6111156
176778,2018-04-21,19,L,19,5,8.53056238,5.8055601999999995
177163,2018-04-21,19,L,19,7,6.750799051428572,4.3333368
178140,2018-04-21,19,L,19,8,7.009264866666666,4.5555592
178626,2018-04-21,19,L,19,11,6.362042126666666,4.722226
179605,2018-04-21,19,L,19,12,6.279634653333333,5.4722266
180511,2018-04-21,19,L,19,13,7.0188945039999995,4.8333372
181401,2018-04-21,19,L,19,15,6.415282910000001,4.965281749999999
182394,2018-04-21,19,L,19,16,6.828576891428571,4.3101886333333335
183405,2018-04-21,20,L,5,1,7.237228012000001,4.7500038
184351,2018-04-21,20,L,5,2,6.1094493320000005,5.277781999999999
184965,2018-04-21,20,L,5,4,6.959529377142857,4.666670399999999
185898,2018-04-21,20,L,5,5,7.839450716,5.6666712
186290,2018-04-21,20,L,5,7,7.442367065,5.3055598
187184,2018-04-21,20,L,5,8,7.0111167199999995,5.916671400000001
188096,2018-04-21,20,L,5,10,7.27639471,5.9444492
188361,2018-04-21,20,L,5,11,7.427783720000001,5.3472265
189120,2018-04-21,20,L,5,12,7.018524133333333,5.888893599999999
189754,2018-04-21,20,L,5,13,6.026393710000001,4.8750039
190669,2018-04-21,20,L,5,15,6.682644235000001,5.5000044
191241,2018-04-21,20,L,5,16,5.722921245,4.722226
191900,2018-04-22,21,L,19,1,8.180006544,4.444448
192611,2018-04-22,21,L,19,2,7.254172469999999,4.7777816
193444,2018-04-22,21,L,19,4,7.343524393333333,4.9722262
193946,2018-04-22,21,L,19,5,7.7361173,4.605559240000001
194771,2018-04-22,21,L,19,7,7.8333396,4.398151666666667
195664,2018-04-22,21,L,19,8,7.471765236666666,5.064818866666666
196333,2018-04-22,21,L,19,10,7.7809090025,4.277781200000001
197246,2018-04-22,21,L,19,11,6.93472777,4.3888924000000005
198117,2018-04-22,21,L,19,12,4.338892360000001,5.5833378
199017,2018-04-22,21,L,19,13,6.902088855,4.6944482
199912,2018-04-22,21,L,19,15,3.920142025,4.8333372
200114,2018-04-22,21,L,19,16,4.2013922500000005,5.1111152
200502,2018-04-22,22,W,33,1,7.9055618800000005,4.6388926
201132,2018-04-22,22,W,33,2,6.380005104,5.2222264
202062,2018-04-22,22,W,33,4,5.701988688571428,5.5833378
203067,2018-04-22,22,W,33,5,7.4661170839999995,4.09444772
203576,2018-04-22,22,W,33,7,6.862505489999999,4.4583369
204545,2018-04-22,22,W,33,8,7.7127045828571426,4.425929466666667
205517,2018-04-22,22,W,33,11,7.762969173333333,4.6805593
206533,2018-04-22,22,W,33,12,5.142133743333333,3.7777808
207509,2018-04-22,22,W,33,13,7.143755715,3.900796771428571
208512,2018-04-22,22,W,33,15,6.584925902857143,4.8194483
209520,2018-04-22,22,W,33,16,6.928894432,5.407411733333333
210264,2018-05-12,23,L,7,1,8.079867575,4.629633333333333
211295,2018-05-12,23,L,7,2,6.167597526666666,5.333337599999999
212316,2018-05-12,23,L,7,4,6.131254905,5.3888932
213312,2018-05-12,23,L,7,5,8.34167334,5.694449
213702,2018-05-12,23,L,7,7,6.6361164200000005,4.52083695
214713,2018-05-12,23,L,7,8,7.003477825,4.607146542857143
215738,2018-05-12,23,L,7,11,7.0770889949999995,5.7777824
216484,2018-05-12,23,L,7,12,5.863893580000001,3.6944474
217536,2018-05-12,23,L,7,13,6.98889448,5.4444488
218581,2018-05-12,23,L,7,15,5.954634393333333,4.7500038
219144,2018-05-12,23,L,7,16,6.904449968,5.1250041
219560,2018-05-12,24,W,24,1,7.36945034,5.916671400000001
220063,2018-05-12,24,W,24,2,7.633894996,4.8055594
221057,2018-05-12,24,W,24,4,6.304634673333333,5.6111156
222015,2018-05-12,24,W,24,5,8.53056238,5.8055601999999995
222400,2018-05-12,24,W,24,7,6.750799051428572,4.3333368
223377,2018-05-12,24,W,24,8,7.009264866666666,4.5555592
223863,2018-05-12,24,W,24,11,6.362042126666666,4.722226
224842,2018-05-12,24,W,24,12,6.279634653333333,5.4722266
225748,2018-05-12,24,W,24,13,7.0188945039999995,4.8333372
226638,2018-05-12,24,W,24,15,6.415282910000001,4.965281749999999
227631,2018-05-12,24,W,24,16,6.828576891428571,4.3101886333333335
228642,2018-05-12,25,W,19,1,7.237228012000001,4.7500038
229588,2018-05-12,25,W,19,2,6.1094493320000005,5.277781999999999
230202,2018-05-12,25,W,19,4,6.959529377142857,4.666670399999999
231135,2018-05-12,25,W,19,5,7.839450716,5.6666712
231527,2018-05-12,25,W,19,7,7.442367065,5.3055598
232421,2018-05-12,25,W,19,8,7.0111167199999995,5.916671400000001
233333,2018-05-12,25,W,19,10,7.27639471,5.9444492
233598,2018-05-12,25,W,19,11,7.427783720000001,5.3472265
234357,2018-05-12,25,W,19,12,7.018524133333333,5.888893599999999
234991,2018-05-12,25,W,19,13,6.026393710000001,4.8750039
235906,2018-05-12,25,W,19,15,6.682644235000001,5.5000044
236478,2018-05-12,25,W,19,16,5.722921245,4.722226
237137,2018-05-13,26,L,26,1,8.180006544,4.444448
237848,2018-05-13,26,L,26,2,7.254172469999999,4.7777816
238681,2018-05-13,26,L,26,4,7.343524393333333,4.9722262
239183,2018-05-13,26,L,26,5,7.7361173,4.605559240000001
240008,2018-05-13,26,L,26,7,7.8333396,4.398151666666667
240901,2018-05-13,26,L,26,8,7.471765236666666,5.064818866666666
241570,2018-05-13,26,L,26,10,7.7809090025,4.277781200000001
242483,2018-05-13,26,L,26,11,6.93472777,4.3888924000000005
243354,2018-05-13,26,L,26,12,4.338892360000001,5.5833378
244254,2018-05-13,26,L,26,13,6.902088855,4.6944482
245149,2018-05-13,26,L,26,15,3.920142025,4.8333372
245351,2018-05-13,26,L,26,16,4.2013922500000005,5.1111152
245739,2018-05-13,27,W,35,1,7.9055618800000005,4.6388926
246369,2018-05-13,27,W,35,2,6.380005104,5.2222264
247299,2018-05-13,27,W,35,4,5.701988688571428,5.5833378
248304,2018-05-13,27,W,35,5,7.4661170839999995,4.09444772
248813,2018-05-13,27,W,35,7,6.862505489999999,4.4583369
249782,2018-05-13,27,W,35,8,7.7127045828571426,4.425929466666667
250754,2018-05-13,27,W,35,11,7.762969173333333,4.6805593
251770,2018-05-13,27,W,35,12,5.142133743333333,3.7777808
252746,2018-05-13,27,W,35,13,7.143755715,3.900796771428571
253749,2018-05-13,27,W,35,15,6.584925902857143,4.8194483
254757,2018-05-13,27,W,35,16,6.928894432,5.407411733333333
255501,2018-05-13,28,W,29,1,8.079867575,4.629633333333333
256532,2018-05-13,28,W,29,2,6.167597526666666,5.333337599999999
257553,2018-05-13,28,W,29,4,6.131254905,5.3888932
258549,2018-05-13,28,W,29,5,8.34167334,5.694449
258939,2018-05-13,28,W,29,7,6.6361164200000005,4.52083695
259950,2018-05-13,28,W,29,8,7.003477825,4.607146428571428
260975,2018-05-13,28,W,29,11,7.0770889949999995,5.777782
261721,2018-05-13,28,W,29,12,5.863893571428571,3.6944474
262773,2018-05-13,28,W,29,13,6.9888945,5.444449
263818,2018-05-13,28,W,29,15,5.954634393333333,4.750004
264381,2018-05-13,28,W,29,16,6.904449968,5.1250041
264797,2018-06-08,29,W,31,1,7.554867155,5.3611154
265497,2018-06-08,29,W,31,2,6.393338448,4.972226200000001
266389,2018-06-08,29,W,31,3,6.8116721159999996,4.9166706
267231,2018-06-08,29,W,31,4,6.197782736,4.583337
268056,2018-06-08,29,W,31,5,8.406951170000001,4.500003599999999
268547,2018-06-08,29,W,31,7,7.615283870000001,5.8055601999999995
269061,2018-06-08,29,W,31,8,6.404634753333333,5.3888932
269710,2018-06-08,29,W,31,11,6.786116540000001,4.6944482
270562,2018-06-08,29,W,31,13,6.11528267,4.8333372
271470,2018-06-08,29,W,31,14,6.902783299999999,4.6574111333333335
272388,2018-06-08,29,W,31,15,5.460421035,3.857145942857142
273302,2018-06-08,29,W,31,16,6.3550976766666665,5.2222264
273641,2018-06-08,30,W,21,1,8.0416731,5.2685227333333335
274626,2018-06-08,30,W,21,2,7.974080453333333,4.9166706
275439,2018-06-08,30,W,21,3,6.954635193333334,5.5000044
276249,2018-06-08,30,W,21,4,7.301857693333333,5.416671000000001
277075,2018-06-08,30,W,21,5,8.28056218,5.6388934
278062,2018-06-08,30,W,21,7,5.856254685,3.6851881333333334
279059,2018-06-08,30,W,21,8,7.159727950000001,5.416671
279743,2018-06-08,30,W,21,11,6.25833834,5.333337599999999
280557,2018-06-08,30,W,21,13,7.467069465714284,4.259262666666666
281537,2018-06-08,30,W,21,14,7.11250569,3.9722254
282516,2018-06-08,30,W,21,15,7.603709786666667,5.791671299999999
282671,2018-06-08,30,W,21,16,7.033894515999999,5.5833378
282857,2018-06-08,31,L,14,1,8.33472889,4.611114799999999
283353,2018-06-08,31,L,14,2,7.676857993333333,5.4722266
284246,2018-06-08,31,L,14,3,6.6851905333333335,4.500003599999999
285324,2018-06-08,31,L,14,4,7.531672691999999,5.138893
286272,2018-06-08,31,L,14,5,6.776394310000001,5.8333379999999995
286883,2018-06-08,31,L,14,7,6.424542176666667,3.7291696500000002
287981,2018-06-08,31,L,14,8,6.407644015000001,4.342596066666667
288925,2018-06-08,31,L,14,11,7.167135363333333,5.5833378
289974,2018-06-08,31,L,14,13,7.100700125,5.138893
290967,2018-06-08,31,L,14,14,4.893753915,5.9444492
291460,2018-06-08,31,L,14,15,6.680097936666667,5.333337599999999
292162,2018-06-08,31,L,14,16,7.110561244,5.9444492
292665,2018-06-09,32,W,26,1,7.726672848,4.930559499999999
293659,2018-06-09,32,W,26,2,7.1217649566666665,5.333337599999999
294502,2018-06-09,32,W,26,3,7.953478585000001,5.694449
295084,2018-06-09,32,W,26,4,6.210421634999999,4.759263066666667
296128,2018-06-09,32,W,26,5,8.466117884,5.680560099999999
296907,2018-06-09,32,W,26,7,8.082546148571428,4.3194479
297970,2018-06-09,32,W,26,8,6.21389386,5.1666708
298445,2018-06-09,32,W,26,11,7.55695049,5.972226999999999
298895,2018-06-09,32,W,26,13,6.5722274800000005,5.1527819
299657,2018-06-09,32,W,26,14,6.77917209,5.416671
300472,2018-06-09,32,W,26,15,4.45694801,4.0555588
301344,2018-06-09,32,W,26,16,5.865976915,4.722226
301750,2018-06-09,33,L,7,1,7.500006,5.7500046
302707,2018-06-09,33,L,7,2,6.637968273333333,5.4722266
303142,2018-06-09,33,L,7,3,6.483338519999999,5.3055598
303770,2018-06-09,33,L,7,4,7.856117395999999,5.1388929999999995
304729,2018-06-09,33,L,7,5,8.22500658,5.55556
305202,2018-06-09,33,L,7,7,7.845561832,4.4583369
306233,2018-06-09,33,L,7,8,5.322226479999999,4.8333372
306860,2018-06-09,33,L,7,11,6.603179885714286,5.972226999999999
307765,2018-06-09,33,L,7,13,5.805004643999999,4.648151866666667
308783,2018-06-09,33,L,7,15,5.989588125,4.1388922
309807,2018-06-09,33,L,7,16,4.51944806,5.5000044
309995,2018-06-10,34,W,17,1,7.95556192,5.2083375
310915,2018-06-10,34,W,17,2,7.506487486666667,5.6666712
311444,2018-06-10,34,W,17,3,7.038894520000001,4.4166702
312267,2018-06-10,34,W,17,4,7.332876236666666,4.944448400000001
313204,2018-06-10,34,W,17,5,8.06250645,5.2083375
313919,2018-06-10,34,W,17,7,7.718987656666666,4.972226200000001
314866,2018-06-10,34,W,17,8,6.425560696,4.731485266666667
315780,2018-06-10,34,W,17,11,6.194449400000001,5.3611154
316708,2018-06-10,34,W,17,13,6.504634833333334,4.39583685
317330,2018-06-10,34,W,17,15,6.906672191999999,5.888893599999999
317555,2018-07-20,35,W,43,1,8.229867695,4.861115
318356,2018-07-20,35,W,43,2,7.02917229,4.944448400000001
319458,2018-07-20,35,W,43,3,7.970145264999999,4.683337079999999
320235,2018-07-20,35,W,43,4,6.57639415,4.8333372
321317,2018-07-20,35,W,43,5,5.95417143,4.305559
322269,2018-07-20,35,W,43,7,7.970145265000001,5.8055601999999995
322927,2018-07-20,35,W,43,10,8.23750659,5.0138929
323906,2018-07-20,35,W,43,11,8.06111756,5.041670699999999
325014,2018-07-20,35,W,43,13,6.710560924000001,4.729170450000001
326108,2018-07-20,35,W,43,14,5.113337424,4.6666704
327250,2018-07-20,35,W,43,15,6.917227756,4.180558899999999
328051,2018-07-20,35,W,43,16,6.251116112,5.5833378
328994,2018-07-20,36,L,19,1,7.635006108000001,5.0277818
329660,2018-07-20,36,L,19,2,5.826393550000001,4.4861147
330547,2018-07-20,36,L,19,3,5.917134363333333,4.56250365
331472,2018-07-20,36,L,19,4,6.590746013333333,5.9444492
332277,2018-07-20,36,L,19,5,8.041117544,5.7222268
332847,2018-07-20,36,L,19,7,8.073154606666668,5.0833374000000005
333572,2018-07-20,36,L,19,10,7.702320976666667,4.7500038
334443,2018-07-20,36,L,19,11,5.728245323333333,5.5277822
335046,2018-07-20,36,L,19,13,6.837042506666666,4.9861151
335817,2018-07-20,36,L,19,14,4.874077973333334,3.6746061142857145
336752,2018-07-20,36,L,19,15,6.760422074999999,5.694449
337005,2018-07-20,36,L,19,16,6.554866355,5.000004
337498,2018-07-21,37,L,14,1,7.5305615800000005,5.9444492
338010,2018-07-21,37,L,14,2,4.267781191999999,4.43750355
338493,2018-07-21,37,L,14,3,7.375005900000001,5.625004500000001
339387,2018-07-21,37,L,14,4,6.375699545,5.6666712
339850,2018-07-21,37,L,14,5,7.523154166666667,4.0972255
340432,2018-07-21,37,L,14,7,7.732942694285714,5.7500046
341378,2018-07-21,37,L,14,10,7.1175982866666665,5.0833374000000005
342090,2018-07-21,37,L,14,11,7.480098576666667,4.8888928
343016,2018-07-21,37,L,14,13,6.722624425714287,4.944448400000001
343902,2018-07-21,37,L,14,14,3.9975726424999998,4.6666704
344621,2018-07-21,37,L,14,15,5.233734345714287,4.435188733333334
345575,2018-07-21,37,L,14,16,7.137042746666666,5.6388934
345806,2018-07-21,38,W,22,1,7.760422875,5.3611154
346429,2018-07-21,38,W,22,2,7.18889464,4.875003899999999
347551,2018-07-21,38,W,22,3,6.136116020000001,5.231485666666667
348502,2018-07-21,38,W,22,4,6.6722275600000005,5.8055601999999995
349076,2018-07-21,38,W,22,5,6.98333892,4.6527815
349412,2018-07-21,38,W,22,7,7.718339508,5.3055598
350083,2018-07-21,38,W,22,10,6.888100748571429,5.3888932
351194,2018-07-21,38,W,22,11,6.016274654285714,4.583337
352219,2018-07-21,38,W,22,13,6.620005296,5.3333376
353130,2018-07-21,38,W,22,14,7.2083391,5.6388934
353495,2018-07-21,38,W,22,15,6.553708946666667,4.564818466666667
354432,2018-07-21,38,W,22,16,5.512226631999999,5.8055601999999995
