,Date,PlayerID,AcuteChronicRatio,BestOutOfMyself,AcuteLoad,ChronicLoad
19,2017-08-02,1,4.29,,77.14,18.0
23,2017-08-02,9,4.29,,57.86,13.5
24,2017-08-02,5,4.29,,47.14,11.0
41,2017-08-03,1,4.29,1.0,77.14,18.0
79,2017-08-04,11,4.28,2.0,80.0,18.67
84,2017-08-05,15,4.29,,171.43,40.0
86,2017-08-05,11,4.28,,80.0,18.67
87,2017-08-05,10,4.29,,385.0,89.83
88,2017-08-05,8,4.29,,231.43,54.0
89,2017-08-05,5,4.29,,162.86,38.0
90,2017-08-05,3,4.29,,396.43,92.5
91,2017-08-06,3,4.29,,396.43,92.5
92,2017-08-06,9,4.29,,245.71,57.33
94,2017-08-06,12,4.29,,121.43,28.33
96,2017-08-06,15,4.29,,171.43,40.0
97,2017-08-06,11,4.28,2.0,80.0,18.67
190,2017-08-10,9,2.89,,297.86,103.0
207,2017-08-10,16,4.29,2.0,36.43,8.5
255,2017-08-12,7,4.29,2.0,647.14,151.0
256,2017-08-12,16,4.29,2.0,53.57,12.5
257,2017-08-12,9,2.34,2.0,294.29,126.0
258,2017-08-12,11,3.7,2.0,505.0,136.5
259,2017-08-12,13,2.4,,634.29,264.5
260,2017-08-12,15,3.12,,460.71,147.5
261,2017-08-12,17,4.29,1.0,213.57,49.83
262,2017-08-12,8,2.99,1.0,532.14,178.17
264,2017-08-13,3,2.67,2.0,655.0,245.33
265,2017-08-13,6,,0.0,0.0,0.0
266,2017-08-13,7,4.29,2.0,647.14,151.0
267,2017-08-13,9,2.34,2.0,294.29,126.0
269,2017-08-13,11,3.7,2.0,505.0,136.5
270,2017-08-13,12,3.33,,423.57,127.17
271,2017-08-13,15,3.12,,460.71,147.5
272,2017-08-13,16,4.29,2.0,53.57,12.5
273,2017-08-13,17,4.29,,213.57,49.83
274,2017-08-13,10,1.78,,273.57,153.67
300,2017-08-14,16,4.29,,53.57,12.5
353,2017-08-16,16,2.08,,34.29,16.5
417,2017-08-18,9,1.39,,260.0,186.67
439,2017-08-19,1,2.82,,347.14,123.0
440,2017-08-19,2,4.29,,297.14,69.33
441,2017-08-19,3,1.67,2.0,670.71,401.83
442,2017-08-19,5,0.85,0.0,102.86,121.0
443,2017-08-19,7,2.04,,587.86,288.17
444,2017-08-19,6,4.29,,267.14,62.33
445,2017-08-19,11,2.12,2.0,572.86,270.17
446,2017-08-19,12,1.89,,429.29,227.33
447,2017-08-19,13,1.65,2.0,709.29,430.0
448,2017-08-19,15,0.67,,117.14,174.83
449,2017-08-19,16,2.04,1.0,48.57,23.83
450,2017-08-19,8,1.82,,565.71,310.17
451,2017-08-19,10,1.54,2.0,370.71,240.17
453,2017-08-20,2,4.29,,297.14,69.33
454,2017-08-20,3,1.67,2.0,670.71,401.83
455,2017-08-20,6,4.29,,267.14,62.33
456,2017-08-20,7,2.04,,587.86,288.17
457,2017-08-20,8,1.77,1.0,548.57,310.17
459,2017-08-20,11,2.12,2.0,572.86,270.17
461,2017-08-20,15,0.67,,117.14,174.83
462,2017-08-20,16,2.04,,48.57,23.83
463,2017-08-20,12,1.89,,429.29,227.33
492,2017-08-21,15,0.04,1.0,7.14,174.83
564,2017-08-23,10,1.48,,443.57,299.17
570,2017-08-24,9,1.06,,261.43,247.67
645,2017-08-26,7,1.4,2.0,598.57,427.83
646,2017-08-26,1,1.84,2.0,395.71,215.33
647,2017-08-26,2,2.56,,439.29,171.83
648,2017-08-26,3,1.12,2.0,608.57,543.83
649,2017-08-26,6,2.98,,608.57,204.33
650,2017-08-26,8,1.29,1.0,569.29,443.0
652,2017-08-26,11,1.6,2.0,690.0,431.17
653,2017-08-26,12,0.88,,252.14,286.17
654,2017-08-26,13,1.14,2.0,668.57,586.0
655,2017-08-26,16,2.92,,219.29,75.0
658,2017-08-26,9,1.24,,325.71,262.67
659,2017-08-27,6,2.98,,608.57,204.33
660,2017-08-27,1,1.84,,395.71,215.33
661,2017-08-27,2,2.56,,439.29,171.83
662,2017-08-27,3,1.12,,608.57,543.83
663,2017-08-27,5,1.29,,222.86,173.0
664,2017-08-27,7,1.4,2.0,598.57,427.83
665,2017-08-27,16,2.92,1.0,219.29,75.0
666,2017-08-27,9,0.8,,210.0,262.67
667,2017-08-27,10,1.09,,349.29,321.67
668,2017-08-27,10,1.09,,349.29,321.67
669,2017-08-27,11,1.6,2.0,690.0,431.17
670,2017-08-27,12,0.88,,252.14,286.17
672,2017-08-27,8,1.29,2.0,569.29,443.0
782,2017-08-31,5,0.37,,60.0,162.0
813,2017-09-01,9,0.71,2.0,211.43,298.5
849,2017-09-02,7,0.96,2.0,527.14,550.83
850,2017-09-02,1,1.36,,394.29,289.33
851,2017-09-02,3,1.0,2.0,634.29,637.33
852,2017-09-02,5,0.0,,0.0,150.0
853,2017-09-02,8,1.12,,622.86,556.83
854,2017-09-02,17,0.81,,141.43,175.0
855,2017-09-02,11,1.04,2.0,568.57,545.17
856,2017-09-02,12,0.87,,280.71,323.33
858,2017-09-02,16,2.13,2.0,316.43,148.83
860,2017-09-03,7,0.96,2.0,527.14,550.83
861,2017-09-03,1,1.36,,394.29,289.33
862,2017-09-03,2,0.89,,192.14,216.67
863,2017-09-03,3,1.06,2.0,634.29,599.33
864,2017-09-03,6,1.27,,367.86,290.17
865,2017-09-03,8,1.17,,622.86,534.33
867,2017-09-03,11,1.04,2.0,568.57,545.17
868,2017-09-03,12,0.87,,280.71,323.33
869,2017-09-03,14,0.95,,517.14,546.83
870,2017-09-03,16,2.13,2.0,316.43,148.83
871,2017-09-03,17,0.81,,141.43,175.0
872,2017-09-03,10,0.98,,292.86,300.17
880,2017-09-04,5,0.0,,0.0,135.0
1000,2017-09-08,9,1.51,,486.43,322.5
1013,2017-09-09,7,0.93,2.0,523.14,561.57
1014,2017-09-09,1,0.96,,330.0,342.33
1015,2017-09-09,3,0.82,,498.57,604.33
1019,2017-09-09,8,1.0,,582.86,585.5
1020,2017-09-09,12,0.99,,325.71,330.5
1022,2017-09-09,10,1.02,,340.0,334.67
1023,2017-09-09,11,1.01,2.0,607.14,599.0
1024,2017-09-09,13,0.8,2.0,538.57,676.17
1026,2017-09-09,16,1.6,,359.29,224.17
1028,2017-09-10,1,0.96,,330.0,342.33
1029,2017-09-10,2,1.48,,492.14,331.5
1030,2017-09-10,3,0.82,2.0,498.57,604.33
1031,2017-09-10,9,1.53,,471.43,308.5
1032,2017-09-10,7,1.0,,523.14,521.9
1033,2017-09-10,11,1.07,,607.14,569.0
1034,2017-09-10,12,1.08,1.0,325.71,300.5
1035,2017-09-10,13,0.86,2.0,538.57,627.17
1036,2017-09-10,16,1.63,2.0,359.29,220.17
1037,2017-09-10,17,0.96,,155.71,161.5
1038,2017-09-10,10,1.08,,340.0,315.67
1047,2017-09-11,10,0.77,2.0,244.29,315.67
1048,2017-09-11,11,0.78,2.0,441.43,569.0
1051,2017-09-11,15,0.0,,0.0,36.67
1069,2017-09-12,16,1.39,,330.71,238.17
1072,2017-09-13,7,0.55,2.0,267.86,490.4
1076,2017-09-13,3,0.52,2.0,282.86,540.83
1077,2017-09-13,1,0.51,2.0,167.14,326.33
1083,2017-09-13,12,0.55,,152.14,274.5
1098,2017-09-14,3,0.36,2.0,180.0,504.83
1104,2017-09-14,16,1.0,,256.43,257.17
1109,2017-09-14,10,0.45,,128.57,287.67
1117,2017-09-15,3,0.1,2.0,51.43,496.83
1134,2017-09-16,2,0.79,,292.86,369.5
1137,2017-09-16,7,0.19,2.0,83.57,448.9
1138,2017-09-16,3,0.11,2.0,51.43,467.83
1139,2017-09-16,8,0.17,,80.71,475.0
1140,2017-09-16,10,0.16,,42.86,273.17
1141,2017-09-16,11,0.6,2.0,320.71,539.0
1143,2017-09-16,16,0.91,,247.14,270.5
1144,2017-09-17,2,0.89,,292.86,330.5
1145,2017-09-17,6,0.21,,60.0,285.5
1146,2017-09-17,7,0.21,,83.57,404.23
1147,2017-09-17,8,0.19,,80.71,433.0
1148,2017-09-17,3,0.12,2.0,51.43,418.33
1149,2017-09-17,10,0.18,,42.86,239.17
1150,2017-09-17,11,0.63,2.0,320.71,510.17
1151,2017-09-17,12,0.1,,20.71,205.17
1153,2017-09-17,16,0.93,1.0,247.14,266.5
1154,2017-09-17,9,1.4,,517.86,368.67
1170,2017-09-18,3,0.08,2.0,34.29,418.33
1226,2017-09-19,17,0.0,1.0,0.0,121.67
1248,2017-09-20,3,0.11,,42.86,391.33
1325,2017-09-22,3,0.26,2.0,96.43,366.83
1355,2017-09-23,1,1.39,,461.43,331.0
1356,2017-09-23,2,1.52,,610.71,400.5
1357,2017-09-23,3,0.28,2.0,96.43,346.83
1358,2017-09-23,7,1.21,,516.43,426.4
1359,2017-09-23,8,1.23,,589.29,477.33
1360,2017-09-23,12,1.46,,323.57,221.83
1361,2017-09-23,11,1.26,2.0,692.14,551.5
1363,2017-09-23,16,1.31,0.0,427.14,326.5
1364,2017-09-23,16,1.31,,427.14,326.5
1365,2017-09-23,17,1.0,,103.57,103.5
1366,2017-09-23,9,1.16,,490.71,422.17
1367,2017-09-24,7,1.34,,516.43,385.07
1368,2017-09-24,1,1.55,,461.43,297.0
1369,2017-09-24,2,1.65,,610.71,370.5
1371,2017-09-24,8,1.35,,589.29,437.67
1372,2017-09-24,6,2.04,,559.29,274.0
1373,2017-09-24,10,1.55,,381.43,246.67
1374,2017-09-24,17,1.0,,103.57,103.5
1375,2017-09-24,11,1.36,2.0,692.14,510.67
1376,2017-09-24,12,1.46,,323.57,221.83
1388,2017-09-25,3,0.4,,122.14,304.83
1460,2017-09-27,3,0.46,2.0,130.71,281.83
1530,2017-09-29,3,0.48,2.0,120.0,249.83
1538,2017-09-29,9,0.67,,292.14,438.67
1561,2017-09-30,8,1.18,1.0,558.57,472.67
1562,2017-09-30,2,1.15,,514.29,445.67
1563,2017-09-30,6,1.8,,584.29,324.5
1564,2017-09-30,7,1.44,2.0,653.57,453.57
1566,2017-09-30,1,1.41,,488.57,347.0
1567,2017-09-30,10,1.39,2.0,389.29,279.17
1568,2017-09-30,17,2.3,,300.0,130.5
1569,2017-09-30,16,1.43,,547.86,383.0
1571,2017-09-30,12,1.41,,328.57,233.0
1572,2017-09-30,11,1.03,2.0,564.43,548.53
1573,2017-09-30,13,1.25,2.0,672.86,537.33
1574,2017-10-01,1,1.53,,488.57,319.0
1575,2017-10-01,2,1.15,,514.29,445.67
1576,2017-10-01,6,1.8,,584.29,324.5
1577,2017-10-01,7,1.58,2.0,653.57,414.57
1578,2017-10-01,8,1.32,1.0,558.57,422.67
1580,2017-10-01,10,1.45,2.0,389.29,269.17
1582,2017-10-01,12,1.41,,328.57,233.0
1584,2017-10-01,16,1.48,,547.86,369.0
1585,2017-10-01,17,2.3,,300.0,130.5
1613,2017-10-02,16,1.05,1.0,387.14,369.0
1693,2017-10-04,12,1.15,,284.29,247.17
1785,2017-10-07,8,1.24,1.0,561.43,453.0
1786,2017-10-07,2,1.21,,602.86,499.33
1788,2017-10-07,7,1.36,2.0,642.86,472.5
1789,2017-10-07,9,0.92,,377.14,412.0
1790,2017-10-07,1,1.27,,471.43,370.0
1792,2017-10-07,12,0.91,,204.29,224.17
1793,2017-10-07,13,1.26,2.0,635.71,503.5
1794,2017-10-07,16,0.95,,371.43,390.67
1795,2017-10-07,17,1.82,,303.57,167.0
1797,2017-10-08,1,1.34,,471.43,352.0
1798,2017-10-08,2,1.28,,602.86,471.5
1799,2017-10-08,3,1.66,2.0,182.14,110.0
1800,2017-10-08,7,1.45,2.0,642.86,442.5
1803,2017-10-08,8,1.34,,561.43,417.67
1804,2017-10-08,12,1.0,,204.29,204.67
1807,2017-10-08,15,1.26,1.0,165.71,131.67
1808,2017-10-08,16,1.0,1.0,371.43,371.83
1809,2017-10-08,17,1.84,,303.57,165.0
1810,2017-10-08,11,1.31,2.0,702.0,536.33
1884,2017-10-10,17,1.31,,237.86,181.0
1961,2017-10-12,12,0.87,1.0,222.86,256.67
1965,2017-10-13,8,0.77,,380.71,495.0
1972,2017-10-13,3,1.49,2.0,212.14,142.5
2000,2017-10-14,7,1.13,2.0,660.0,581.5
2001,2017-10-14,2,0.72,,360.0,499.67
2003,2017-10-14,5,1.76,,145.71,83.0
2005,2017-10-14,1,1.18,,562.14,475.17
2006,2017-10-14,11,1.16,2.0,762.86,657.0
2007,2017-10-14,17,1.03,,222.86,217.0
2008,2017-10-14,16,1.11,,498.57,447.17
2009,2017-10-14,10,1.24,2.0,480.0,388.33
2010,2017-10-14,13,1.1,2.0,655.0,594.67
2011,2017-10-14,15,1.61,,338.57,210.67
2012,2017-10-15,1,1.2,,562.14,469.17
2013,2017-10-15,3,1.53,,233.57,152.5
2014,2017-10-15,7,1.14,2.0,660.0,577.0
2015,2017-10-15,9,0.98,2.0,374.29,381.5
2016,2017-10-15,2,0.74,,360.0,487.17
2019,2017-10-15,16,1.16,1.0,498.57,430.5
2020,2017-10-15,17,1.03,,222.86,217.0
2021,2017-10-15,10,1.24,2.0,480.0,388.33
2029,2017-10-16,9,0.71,2.0,271.43,381.5
2041,2017-10-17,1,0.66,2.0,309.29,468.83
2042,2017-10-17,9,0.71,,271.43,381.5
2046,2017-10-18,1,0.62,2.0,278.57,448.33
2074,2017-10-19,1,0.42,,180.0,424.33
2093,2017-10-20,7,0.33,,182.14,552.0
2094,2017-10-20,1,0.06,,25.71,421.33
2097,2017-10-20,9,0.63,2.0,231.43,367.0
2099,2017-10-20,12,0.64,,160.71,249.83
2103,2017-10-20,17,0.48,,118.57,244.67
2104,2017-10-20,11,0.37,2.0,227.86,617.5
2112,2017-10-21,5,0.0,,0.0,52.0
2118,2017-10-21,3,1.21,2.0,218.57,181.0
2126,2017-10-21,16,1.21,1.0,592.14,487.5
2150,2017-10-22,3,1.21,2.0,218.57,181.0
2153,2017-10-22,1,0.07,,25.71,361.17
2167,2017-10-22,16,1.26,1.0,592.14,469.0
2183,2017-10-23,7,0.74,,413.57,559.0
2185,2017-10-23,9,0.97,2.0,335.0,345.17
2186,2017-10-23,12,1.34,,365.71,272.17
2188,2017-10-23,15,1.19,,240.0,202.0
2191,2017-10-23,17,1.5,,452.86,301.17
2204,2017-10-24,1,0.01,,4.29,362.17
2229,2017-10-25,5,1.72,,150.0,87.0
2234,2017-10-25,1,0.01,,4.29,337.17
2246,2017-10-26,8,0.9,1.0,414.29,461.0
2248,2017-10-26,2,0.42,,152.14,361.67
2250,2017-10-26,6,0.94,,422.86,451.33
2251,2017-10-26,7,0.71,2.0,370.71,520.5
2252,2017-10-26,8,0.9,1.0,414.29,461.0
2253,2017-10-26,9,0.68,2.0,234.29,344.67
2254,2017-10-26,12,1.21,,282.14,232.67
2259,2017-10-26,17,1.41,,394.29,279.5
2260,2017-10-26,11,0.75,2.0,442.14,588.53
2266,2017-10-27,3,0.67,2.0,128.57,193.0
2267,2017-10-27,1,0.04,2.0,12.86,320.17
2292,2017-10-28,3,0.7,2.0,128.57,183.0
2300,2017-10-28,1,0.04,,12.86,294.17
2308,2017-10-28,16,1.21,,619.29,512.0
2340,2017-10-29,3,0.7,2.0,128.57,183.0
2343,2017-10-29,1,0.05,,12.86,250.17
2350,2017-10-29,16,1.28,,619.29,485.67
2370,2017-10-30,2,0.78,,263.14,338.07
2372,2017-10-30,6,0.42,,160.43,381.43
2373,2017-10-30,7,0.65,2.0,310.86,479.03
2374,2017-10-30,8,0.67,,276.14,414.93
2375,2017-10-30,11,0.66,2.0,361.57,551.67
2376,2017-10-30,10,0.91,,255.71,282.17
2377,2017-10-30,12,0.48,,105.0,220.0
2378,2017-10-30,13,0.63,2.0,308.43,492.63
2382,2017-10-30,9,0.77,,249.71,323.77
2383,2017-10-31,7,0.5,2.0,240.14,479.03
2385,2017-10-31,2,0.62,,208.14,338.07
2387,2017-10-31,9,0.55,0.0,172.57,316.27
2388,2017-10-31,8,0.48,,199.0,414.93
2389,2017-10-31,12,0.48,,105.0,220.0
2390,2017-10-31,11,0.5,2.0,274.43,547.17
2391,2017-10-31,13,0.5,2.0,244.14,492.63
2392,2017-10-31,15,0.88,,205.71,234.67
2395,2017-10-31,17,0.71,,201.86,285.6
2396,2017-11-01,1,0.22,,51.43,231.83
2397,2017-11-01,2,0.53,,162.43,306.07
2399,2017-11-01,6,0.39,,134.71,341.77
2400,2017-11-01,7,0.44,2.0,197.29,448.87
2401,2017-11-01,9,0.47,0.0,140.43,296.27
2402,2017-11-01,8,0.42,1.0,160.43,378.6
2404,2017-11-01,12,0.37,,72.86,195.33
2406,2017-11-01,15,0.82,,175.71,214.67
2407,2017-11-01,16,0.9,,469.29,520.67
2408,2017-11-01,17,0.68,,184.71,273.6
2409,2017-11-01,17,0.68,,184.71,273.6
2410,2017-11-01,10,0.63,,159.29,253.17
2490,2017-11-04,7,0.75,2.0,322.86,432.2
2491,2017-11-04,1,1.08,,254.29,236.17
2492,2017-11-04,2,0.72,,189.29,261.57
2493,2017-11-04,3,0.9,2.0,171.43,190.5
2494,2017-11-04,6,0.87,,288.86,332.6
2495,2017-11-04,7,0.75,2.0,322.86,432.2
2496,2017-11-04,8,0.74,,270.29,362.93
2497,2017-11-04,10,0.99,,250.0,251.83
2499,2017-11-04,17,0.36,,87.14,239.77
2500,2017-11-04,11,0.83,2.0,411.43,498.2
2501,2017-11-04,12,0.98,,207.86,212.83
2502,2017-11-04,13,0.73,2.0,331.71,451.63
2503,2017-11-04,15,0.37,,72.86,196.0
2504,2017-11-04,16,0.68,1.0,347.14,510.67
2506,2017-11-05,2,0.48,,105.71,222.07
2507,2017-11-05,3,0.95,2.0,171.43,180.5
2508,2017-11-05,7,0.57,2.0,214.29,379.03
2509,2017-11-05,8,0.6,1.0,200.0,330.6
2510,2017-11-05,10,0.76,2.0,172.14,225.83
2511,2017-11-05,9,0.55,,149.29,270.6
2512,2017-11-05,12,0.82,,173.57,212.83
2514,2017-11-05,15,0.0,,0.0,196.0
2515,2017-11-05,16,0.72,,347.14,480.0
2516,2017-11-05,17,0.1,,21.43,219.77
2517,2017-11-05,11,0.68,2.0,316.43,466.7
2544,2017-11-06,9,0.55,2.0,149.29,270.6
2601,2017-11-08,1,1.99,,421.43,211.5
2724,2017-11-11,7,1.52,2.0,642.14,423.37
2725,2017-11-11,2,1.74,,528.57,304.4
2726,2017-11-11,3,2.32,2.0,660.0,285.0
2727,2017-11-11,5,2.22,,240.0,108.0
2729,2017-11-11,1,1.9,,357.14,187.67
2730,2017-11-11,10,1.99,,553.57,278.0
2731,2017-11-11,11,1.42,2.0,687.86,484.53
2733,2017-11-11,15,1.73,,438.57,254.0
2734,2017-11-11,16,1.07,2.0,556.43,519.5
2735,2017-11-11,17,1.39,,381.43,274.43
2737,2017-11-12,1,2.35,,357.14,151.67
2738,2017-11-12,2,2.02,,528.57,261.4
2739,2017-11-12,5,2.22,,240.0,108.0
2740,2017-11-12,7,1.71,2.0,642.14,374.87
2741,2017-11-12,9,1.53,,419.29,274.1
2742,2017-11-12,10,2.28,,553.57,243.0
2743,2017-11-12,8,1.64,,644.29,392.1
2744,2017-11-12,12,1.81,,503.57,278.33
2747,2017-11-12,15,2.0,,438.57,219.33
2748,2017-11-12,16,1.13,2.0,556.43,493.5
2749,2017-11-12,17,1.49,,381.43,256.77
2750,2017-11-12,11,1.56,2.0,687.86,439.7
2773,2017-11-13,9,1.56,,419.29,269.1
2846,2017-11-15,1,1.48,,251.43,170.0
2853,2017-11-15,16,1.13,2.0,612.86,541.17
2972,2017-11-18,1,1.16,,232.14,199.83
2973,2017-11-18,2,1.57,,548.57,349.4
2974,2017-11-18,3,1.61,2.0,591.43,367.0
2975,2017-11-18,8,1.4,1.0,685.71,491.1
2976,2017-11-18,7,1.38,2.0,675.0,489.87
2977,2017-11-18,9,1.27,,397.86,312.93
2978,2017-11-18,6,1.33,,580.0,436.27
2979,2017-11-18,11,1.21,2.0,650.0,538.2
2980,2017-11-18,12,1.24,,420.0,338.83
2982,2017-11-18,15,1.67,,575.71,345.67
2983,2017-11-18,16,1.18,2.0,636.43,539.33
2984,2017-11-18,17,1.29,,422.86,327.77
2985,2017-11-18,10,1.66,,617.86,373.17
2986,2017-11-19,1,1.16,,232.14,199.83
2987,2017-11-19,2,1.58,,548.57,346.4
2988,2017-11-19,3,1.63,2.0,591.43,362.0
2989,2017-11-19,9,1.27,,397.86,312.93
2990,2017-11-19,7,1.38,2.0,675.0,489.87
2991,2017-11-19,11,1.21,2.0,650.0,538.2
2992,2017-11-19,12,1.24,,420.0,338.83
2994,2017-11-19,16,1.26,,636.43,503.83
2995,2017-11-19,17,1.29,,422.86,327.77
2996,2017-11-19,10,1.66,,617.86,373.17
3070,2017-11-22,1,1.25,,299.29,238.83
3083,2017-11-22,16,1.08,0.0,587.14,541.33
3093,2017-11-23,9,0.66,,191.43,288.77
3096,2017-11-23,3,0.98,2.0,385.71,394.5
3097,2017-11-23,7,1.05,2.0,500.0,477.2
3098,2017-11-23,11,0.63,2.0,302.14,479.87
3104,2017-11-23,16,0.9,0.0,452.14,503.33
3105,2017-11-23,13,1.05,2.0,442.86,422.97
3106,2017-11-24,7,0.59,,273.57,467.2
3108,2017-11-24,2,0.56,,201.43,360.9
3109,2017-11-24,3,0.52,2.0,203.57,389.5
3110,2017-11-24,6,0.46,,172.86,377.93
3111,2017-11-24,9,0.35,,98.57,281.27
3113,2017-11-24,12,0.37,,111.43,299.0
3114,2017-11-24,13,0.64,2.0,261.43,410.97
3120,2017-11-24,11,0.28,2.0,127.86,464.87
3129,2017-11-25,1,1.29,,364.29,281.83
3136,2017-11-25,16,0.69,,325.0,472.67
3161,2017-11-26,16,0.75,1.0,325.0,435.17
3184,2017-11-27,15,0.32,,88.57,274.33
3192,2017-11-28,7,0.37,2.0,162.86,445.17
3196,2017-11-28,2,0.46,,162.86,353.0
3197,2017-11-28,3,0.53,2.0,226.43,423.33
3200,2017-11-28,6,0.41,,158.57,383.5
3201,2017-11-28,9,0.49,,134.29,271.83
3203,2017-11-28,8,0.25,,102.86,419.5
3207,2017-11-28,17,0.59,,150.71,255.83
3212,2017-11-29,1,1.24,,405.0,327.33
3324,2017-12-02,7,0.75,2.0,366.14,491.1
3325,2017-12-02,1,1.31,,455.71,349.17
3326,2017-12-02,3,0.95,2.0,431.43,453.0
3327,2017-12-02,5,1.26,,254.29,202.33
3328,2017-12-02,8,0.56,,250.57,445.8
3329,2017-12-02,17,1.13,,339.57,299.9
3330,2017-12-02,11,0.94,2.0,472.57,502.77
3331,2017-12-02,12,0.55,,170.71,307.83
3332,2017-12-02,13,0.85,2.0,370.29,437.4
3333,2017-12-02,15,0.51,,148.57,292.0
3334,2017-12-02,16,1.07,2.0,546.43,508.67
3335,2017-12-02,10,0.43,,165.71,389.5
3336,2017-12-03,1,1.39,,455.71,328.83
3337,2017-12-03,1,1.39,,455.71,328.83
3338,2017-12-03,3,0.79,2.0,354.29,448.0
3339,2017-12-03,7,0.7,,323.29,462.6
3340,2017-12-03,9,0.72,,209.71,292.27
3341,2017-12-03,5,1.26,0.0,254.29,202.33
3342,2017-12-03,11,0.84,2.0,387.57,459.77
3343,2017-12-03,12,0.46,1.0,132.14,285.33
3344,2017-12-03,13,0.77,2.0,310.29,400.57
3345,2017-12-03,15,0.51,,148.57,292.0
3346,2017-12-03,16,1.13,,546.43,481.67
3347,2017-12-03,17,1.0,,300.29,299.9
3348,2017-12-03,10,0.29,,105.71,364.5
3349,2017-12-04,9,0.6,,166.86,275.93
3350,2017-12-04,7,0.62,2.0,289.0,462.6
3351,2017-12-04,6,0.52,,196.57,374.87
3354,2017-12-04,2,0.23,,78.0,346.53
3357,2017-12-04,10,0.29,,105.71,364.5
3358,2017-12-04,3,0.62,2.0,277.14,448.0
3359,2017-12-04,11,0.66,2.0,301.86,459.77
3361,2017-12-04,13,0.61,2.0,246.0,400.57
3366,2017-12-04,17,0.7,,210.29,299.9
3373,2017-12-04,12,0.46,,132.14,285.33
3374,2017-12-05,7,0.62,,289.0,462.6
3378,2017-12-05,3,0.62,2.0,277.14,448.0
3381,2017-12-05,6,0.52,,196.57,374.87
3382,2017-12-05,8,0.42,,173.43,413.3
3383,2017-12-05,11,0.65,2.0,297.57,459.77
3384,2017-12-05,12,0.46,1.0,132.14,285.33
3391,2017-12-05,17,0.7,,210.29,299.9
3392,2017-12-05,10,0.29,,105.71,364.5
3403,2017-12-06,9,0.45,,124.0,275.93
3440,2017-12-07,9,0.23,,57.43,247.43
3504,2017-12-09,2,0.87,,303.57,347.37
3505,2017-12-09,3,0.71,2.0,285.0,401.5
3506,2017-12-09,5,1.37,,334.29,244.33
3507,2017-12-09,7,0.59,2.0,239.29,405.77
3508,2017-12-09,8,0.63,,229.29,364.13
3511,2017-12-09,10,0.48,,162.86,337.0
3512,2017-12-09,11,0.77,2.0,331.43,429.27
3514,2017-12-09,16,1.22,,668.57,546.83
3516,2017-12-10,7,0.65,2.0,239.29,368.6
3517,2017-12-10,1,1.46,,544.29,372.5
3518,2017-12-10,2,1.03,,303.57,294.03
3519,2017-12-10,3,0.79,2.0,285.0,360.5
3520,2017-12-10,5,1.49,,334.29,224.33
3521,2017-12-10,8,0.72,1.0,229.29,316.47
3522,2017-12-10,15,0.93,,225.71,242.33
3523,2017-12-10,9,0.72,,173.57,240.6
3524,2017-12-10,11,0.88,2.0,331.43,376.6
3525,2017-12-10,12,1.0,,218.57,218.83
3527,2017-12-10,9,0.72,,173.57,240.6
3528,2017-12-10,16,1.32,,668.57,507.83
3529,2017-12-10,17,0.65,,162.86,248.9
3648,2017-12-14,5,0.84,,175.71,208.33
3733,2017-12-16,6,1.62,,605.71,374.2
3734,2017-12-16,1,1.0,,430.0,429.0
3735,2017-12-16,2,1.41,,423.57,301.37
3736,2017-12-16,3,1.55,2.0,642.86,415.0
3737,2017-12-16,5,0.56,,105.43,189.93
3738,2017-12-16,7,1.4,2.0,547.14,391.6
3739,2017-12-16,11,1.61,2.0,687.57,426.03
3740,2017-12-16,9,2.0,,555.0,276.93
3741,2017-12-16,10,2.03,,662.86,327.33
3742,2017-12-16,12,1.07,,214.29,200.33
3743,2017-12-16,13,1.63,2.0,683.57,420.4
3744,2017-12-16,16,1.24,,700.57,562.8
3745,2017-12-16,17,1.49,,414.29,278.23
3746,2017-12-16,8,1.76,,653.57,371.97
3747,2017-12-17,5,0.62,,105.43,169.93
3748,2017-12-17,1,1.03,2.0,430.0,418.67
3749,2017-12-17,2,1.6,,423.57,264.87
3750,2017-12-17,3,1.73,2.0,642.86,372.5
3751,2017-12-17,7,1.62,2.0,547.14,338.77
3752,2017-12-17,16,1.34,1.0,700.57,522.8
3753,2017-12-17,9,2.17,,555.0,255.27
3754,2017-12-17,10,2.34,,662.86,283.83
3755,2017-12-17,11,1.78,2.0,687.57,385.37
3756,2017-12-17,12,1.25,,214.29,170.83
3758,2017-12-17,8,2.12,1.0,653.57,308.97
3812,2017-12-19,2,1.38,,400.0,289.87
3813,2017-12-19,3,1.36,2.0,563.57,413.0
3815,2017-12-19,7,1.38,2.0,509.29,370.27
3816,2017-12-19,8,1.44,,492.86,341.97
3818,2017-12-19,10,1.72,,545.0,317.33
3819,2017-12-19,11,1.35,2.0,579.0,428.03
3820,2017-12-19,12,1.07,,203.57,190.83
3821,2017-12-19,13,1.3,2.0,533.57,411.07
3822,2017-12-19,15,1.09,,157.14,144.67
3823,2017-12-19,16,1.1,2.0,611.57,557.13
3842,2017-12-20,1,0.82,,347.14,424.67
3915,2017-12-22,2,0.98,,278.57,282.87
3916,2017-12-22,3,0.91,2.0,377.14,413.0
3917,2017-12-22,5,1.4,,336.86,240.53
3918,2017-12-22,7,0.96,2.0,340.71,354.43
3919,2017-12-22,8,0.9,,308.57,342.47
3920,2017-12-22,11,1.1,2.0,525.71,478.2
3922,2017-12-22,12,0.8,,141.43,177.83
3923,2017-12-22,13,0.98,2.0,402.86,411.07
3924,2017-12-22,16,0.85,,481.43,569.63
3925,2017-12-22,17,0.5,,122.86,247.57
3934,2017-12-23,13,0.98,2.0,402.86,411.07
3941,2017-12-23,9,1.47,,520.0,353.6
3955,2017-12-24,11,1.19,2.0,585.71,492.2
3961,2017-12-24,7,1.0,2.0,360.0,358.93
3962,2017-12-25,5,0.79,,190.0,240.53
3963,2017-12-25,1,0.9,,380.71,422.5
3964,2017-12-25,2,0.81,,232.86,289.2
3965,2017-12-25,3,0.62,2.0,259.29,418.17
3966,2017-12-25,7,0.64,2.0,225.0,352.93
3969,2017-12-25,13,0.77,2.0,320.71,415.9
3970,2017-12-25,16,0.79,,465.0,589.8
3971,2017-12-25,8,0.63,,218.57,348.47
3972,2017-12-25,10,0.74,2.0,237.86,320.33
3973,2017-12-25,11,0.83,2.0,402.86,484.7
3987,2017-12-26,12,0.56,,98.57,174.83
3996,2017-12-27,2,0.36,0.0,100.0,276.2
3997,2017-12-27,3,0.46,2.0,180.0,387.17
3998,2017-12-27,6,0.5,,172.86,344.37
3999,2017-12-27,7,0.39,2.0,135.71,345.6
4000,2017-12-27,8,0.4,,135.0,334.97
4001,2017-12-27,9,0.99,,349.29,352.93
4002,2017-12-27,10,0.5,,156.43,313.83
4003,2017-12-27,11,0.56,2.0,256.43,454.7
4004,2017-12-27,13,0.46,2.0,179.29,391.9
4007,2017-12-27,15,0.0,,0.0,144.0
4008,2017-12-27,16,0.64,2.0,380.0,596.47
4009,2017-12-27,8,0.4,,135.0,334.97
4019,2017-12-28,10,0.18,,57.86,313.83
4065,2017-12-29,8,0.43,1.0,150.0,345.47
4078,2017-12-29,10,0.19,,57.86,305.83
4102,2017-12-30,8,0.39,1.0,124.29,317.53
4128,2017-12-31,7,1.33,2.0,515.0,387.67
4129,2017-12-31,1,0.79,,307.86,388.0
4130,2017-12-31,2,1.19,,407.86,344.17
4131,2017-12-31,3,0.74,2.0,285.0,384.0
4135,2017-12-31,6,1.18,,480.71,407.17
4141,2017-12-31,11,1.16,2.0,592.14,512.6
4143,2017-12-31,16,0.91,,535.0,587.13
4144,2017-12-31,17,1.38,,330.71,240.5
4145,2018-01-01,2,1.19,,407.86,344.17
4146,2018-01-01,3,0.74,2.0,285.0,384.0
4147,2018-01-01,5,0.43,,85.71,201.2
4148,2018-01-01,6,1.18,,480.71,407.17
4149,2018-01-01,7,1.33,2.0,515.0,387.67
4150,2018-01-01,7,1.33,,515.0,387.67
4152,2018-01-01,1,0.79,,307.86,388.0
4153,2018-01-01,11,1.16,2.0,592.14,512.6
4154,2018-01-01,12,0.7,,121.43,172.33
4157,2018-01-01,15,0.77,,102.86,133.33
4158,2018-01-01,16,0.91,,535.0,587.13
4159,2018-01-01,9,0.76,,282.14,369.83
4160,2018-01-01,17,1.38,,330.71,240.5
4232,2018-01-04,9,1.06,,458.57,431.5
4326,2018-01-06,7,0.98,2.0,454.29,465.83
4327,2018-01-06,1,0.78,0.0,277.14,356.67
4328,2018-01-06,2,1.17,,507.86,435.33
4329,2018-01-06,3,1.16,2.0,567.86,487.5
4330,2018-01-06,5,1.73,,353.57,204.7
4331,2018-01-06,6,1.16,,607.86,524.5
4332,2018-01-06,8,0.65,,225.0,345.0
4333,2018-01-06,10,1.42,,608.57,427.67
4336,2018-01-06,11,0.92,2.0,571.43,619.93
4337,2018-01-06,13,0.95,2.0,514.29,542.5
4338,2018-01-06,15,1.86,,265.71,142.67
4339,2018-01-06,16,1.09,1.0,692.71,633.77
4340,2018-01-06,17,1.01,,290.29,286.23
4342,2018-01-07,6,1.24,,607.86,491.83
4343,2018-01-07,1,0.85,,277.14,325.67
4344,2018-01-07,2,1.3,,507.86,391.83
4345,2018-01-07,5,1.44,,267.86,185.7
4346,2018-01-07,7,1.04,2.0,454.29,437.83
4347,2018-01-07,9,0.99,,463.57,468.5
4348,2018-01-07,10,1.19,,488.57,410.17
4350,2018-01-07,16,1.17,,692.71,592.77
4351,2018-01-07,17,1.07,,290.29,270.23
4352,2018-01-07,8,0.72,,225.0,312.0
4358,2018-01-08,8,0.69,1.0,216.43,312.0
4446,2018-01-10,9,0.89,,407.14,457.5
4541,2018-01-13,1,1.19,,418.57,352.0
4542,2018-01-13,3,1.18,2.0,559.29,473.0
4543,2018-01-13,8,0.37,1.0,83.57,228.5
4545,2018-01-13,2,0.94,,353.57,375.5
4546,2018-01-13,10,0.71,,256.43,360.0
4547,2018-01-13,11,1.03,2.0,614.29,594.17
4548,2018-01-13,13,0.99,2.0,515.0,519.5
4549,2018-01-13,16,1.05,,657.14,627.83
4550,2018-01-13,17,1.13,,312.14,275.4
4552,2018-01-14,2,0.94,,353.57,375.5
4553,2018-01-14,3,1.3,2.0,559.29,430.5
4554,2018-01-14,3,1.3,2.0,559.29,430.5
4555,2018-01-14,5,0.73,,142.86,194.43
4556,2018-01-14,7,1.0,2.0,404.29,404.5
4557,2018-01-14,9,1.09,,448.57,412.67
4558,2018-01-14,10,0.81,,256.43,315.33
4559,2018-01-14,11,1.11,2.0,614.29,551.5
4561,2018-01-14,16,1.13,,657.14,582.63
4562,2018-01-14,8,0.47,,83.57,179.0
4579,2018-01-15,9,0.83,,343.57,412.67
4599,2018-01-16,3,1.06,2.0,488.57,462.5
4602,2018-01-16,10,0.59,,197.14,333.33
4603,2018-01-16,11,0.9,2.0,521.43,581.5
4606,2018-01-17,7,0.8,,318.57,398.5
4608,2018-01-17,3,1.04,2.0,437.14,422.0
4611,2018-01-17,8,0.55,,91.43,167.33
4612,2018-01-17,11,0.86,2.0,465.71,538.83
4613,2018-01-17,10,0.49,,145.71,299.83
4614,2018-01-17,12,0.45,,57.86,127.83
4618,2018-01-17,9,0.65,,240.71,371.0
4663,2018-01-19,8,0.96,,151.43,157.33
4664,2018-01-19,2,0.34,,114.29,337.17
4665,2018-01-19,3,0.58,2.0,244.29,423.5
4666,2018-01-19,7,0.48,2.0,186.43,385.0
4667,2018-01-19,9,0.66,,243.57,369.83
4673,2018-01-19,11,0.45,2.0,235.71,519.83
4674,2018-01-20,1,1.28,,462.14,360.67
4679,2018-01-20,5,0.86,,125.0,145.0
4692,2018-01-20,16,0.88,2.0,521.57,592.0
4696,2018-01-21,2,0.6,,217.14,361.17
4697,2018-01-21,3,0.84,2.0,360.0,426.5
4698,2018-01-21,5,0.86,,125.0,145.0
4699,2018-01-21,7,0.54,2.0,202.86,372.33
4700,2018-01-21,8,1.47,1.0,239.29,162.83
4701,2018-01-21,10,0.8,,229.29,285.83
4702,2018-01-21,11,0.69,2.0,351.43,510.83
4703,2018-01-21,12,0.66,,90.0,135.83
4705,2018-01-21,16,0.88,2.0,521.57,592.0
4706,2018-01-21,9,0.32,,100.0,314.67
4755,2018-01-23,15,0.0,,0.0,118.33
4757,2018-01-24,2,0.47,,162.86,346.83
4758,2018-01-24,3,0.68,2.0,291.43,429.5
4761,2018-01-24,7,0.46,,179.29,387.83
4762,2018-01-24,8,1.47,,259.29,176.83
4763,2018-01-24,9,0.64,,209.29,327.5
4764,2018-01-24,12,1.03,,141.43,137.83
4771,2018-01-24,17,0.44,,109.29,249.23
4848,2018-01-27,6,0.99,,527.14,530.0
4853,2018-01-27,16,1.1,2.0,760.71,694.17
4854,2018-01-27,15,0.3,,30.0,101.33
4864,2018-01-28,6,1.01,,527.14,524.0
4865,2018-01-28,1,1.51,,697.86,462.83
4874,2018-01-28,15,0.3,,30.0,101.33
4875,2018-01-28,16,1.13,2.0,760.71,673.17
4877,2018-01-29,7,0.68,,208.14,304.23
4878,2018-01-29,3,0.81,2.0,358.71,440.7
4879,2018-01-29,8,1.55,1.0,326.29,209.97
4881,2018-01-29,11,0.66,2.0,289.71,441.27
4882,2018-01-29,13,0.68,2.0,251.71,371.23
4884,2018-01-29,17,0.56,,107.29,193.27
4885,2018-01-29,10,0.56,,169.29,302.83
4886,2018-01-30,1,1.18,,520.0,442.0
4887,2018-01-30,3,0.76,2.0,333.0,440.7
4888,2018-01-30,7,0.52,2.0,156.71,304.23
4889,2018-01-30,8,1.15,,240.57,209.97
4890,2018-01-30,9,0.44,,129.29,291.83
4891,2018-01-30,11,0.51,2.0,225.43,441.27
4892,2018-01-30,13,0.54,2.0,198.86,371.23
4894,2018-01-30,17,0.47,,90.86,193.27
4895,2018-01-30,17,0.47,,90.86,193.27
4896,2018-01-30,10,0.37,,100.71,274.83
4905,2018-01-31,13,0.54,2.0,198.86,371.23
4907,2018-01-31,16,0.69,2.0,435.0,632.17
4924,2018-02-01,13,0.45,2.0,148.86,327.73
4926,2018-02-01,17,0.51,,105.14,204.6
4934,2018-02-02,9,0.5,,124.71,248.5
4936,2018-02-02,13,0.18,2.0,60.43,327.73
4941,2018-02-03,1,0.64,,298.43,465.97
4942,2018-02-03,3,0.4,2.0,150.86,376.7
4944,2018-02-03,8,0.53,,104.57,196.97
4947,2018-02-03,11,0.36,2.0,134.71,374.1
4948,2018-02-03,13,0.08,2.0,23.86,296.23
4950,2018-02-03,16,0.34,2.0,188.57,549.87
4953,2018-02-04,1,0.68,,298.43,437.97
4954,2018-02-04,2,0.45,,70.0,154.5
4956,2018-02-04,7,0.3,2.0,64.29,213.23
4957,2018-02-04,16,0.38,2.0,188.57,496.53
4958,2018-02-04,9,0.51,,127.14,247.83
4959,2018-02-04,10,0.32,,55.71,173.83
4960,2018-02-04,11,0.29,2.0,97.14,330.6
4961,2018-02-04,13,0.0,2.0,0.0,251.23
4962,2018-02-04,8,0.35,1.0,60.0,171.47
5007,2018-02-05,11,0.29,2.0,97.14,330.6
5162,2018-02-10,7,1.5,2.0,385.71,257.73
5163,2018-02-10,1,0.98,,483.57,494.8
5164,2018-02-10,3,1.51,2.0,563.57,373.2
5165,2018-02-10,6,1.65,,674.29,409.0
5166,2018-02-10,8,1.98,,560.71,282.8
5167,2018-02-10,16,1.05,2.0,546.43,522.2
5168,2018-02-10,10,2.18,,503.57,231.5
5169,2018-02-10,11,1.05,2.0,325.71,311.43
5170,2018-02-10,12,2.44,,276.43,113.5
5171,2018-02-10,13,1.69,2.0,480.71,283.73
5172,2018-02-10,15,3.7,,280.0,75.67
5173,2018-02-10,9,1.57,,396.43,252.83
5174,2018-02-11,2,3.01,,726.43,241.5
5175,2018-02-11,2,3.01,,726.43,241.5
5176,2018-02-11,7,1.85,2.0,385.71,208.9
5177,2018-02-11,3,1.56,2.0,520.71,333.2
5178,2018-02-11,6,1.84,,674.29,365.5
5179,2018-02-11,8,1.98,1.0,560.71,282.8
5180,2018-02-11,15,3.7,,280.0,75.67
5181,2018-02-11,10,2.18,,503.57,231.5
5182,2018-02-11,11,1.24,2.0,325.71,263.27
5183,2018-02-11,12,2.44,,276.43,113.5
5184,2018-02-11,16,1.16,2.0,546.43,470.7
5185,2018-02-11,17,2.8,,600.71,214.2
5186,2018-02-11,9,1.66,,396.43,238.33
5225,2018-02-12,13,1.87,2.0,455.0,243.23
5300,2018-02-14,9,1.87,,468.57,251.17
5382,2018-02-17,3,1.7,2.0,775.71,457.2
5385,2018-02-17,7,2.18,2.0,735.0,336.9
5387,2018-02-17,10,1.56,,478.57,305.83
5388,2018-02-17,11,1.68,2.0,573.57,342.1
5389,2018-02-17,13,1.19,2.0,328.57,275.9
5390,2018-02-17,16,0.85,0.0,400.71,472.6
5391,2018-02-17,9,1.53,,432.86,282.5
5392,2018-02-18,2,1.69,,598.57,354.5
5393,2018-02-18,3,1.7,2.0,775.71,457.2
5394,2018-02-18,5,1.56,,490.71,314.23
5395,2018-02-18,8,1.75,,731.43,418.13
5396,2018-02-18,6,1.41,,587.86,417.5
5397,2018-02-18,10,1.56,,478.57,305.83
5398,2018-02-18,11,1.68,2.0,573.57,342.1
5399,2018-02-18,13,1.19,2.0,328.57,275.9
5400,2018-02-18,16,0.91,0.0,400.71,442.5
5411,2018-02-19,2,1.81,,598.57,330.5
5448,2018-02-20,13,1.14,2.0,313.57,274.07
5456,2018-02-20,9,1.14,,355.71,310.83
5470,2018-02-21,11,0.86,2.0,263.57,307.6
5471,2018-02-21,13,1.21,2.0,313.57,259.07
5472,2018-02-21,16,0.42,,169.29,403.33
5536,2018-02-24,8,0.9,,419.29,464.47
5537,2018-02-24,7,1.37,,611.43,447.73
5541,2018-02-24,1,1.07,,536.43,501.3
5545,2018-02-24,3,1.19,2.0,660.0,556.2
5547,2018-02-24,5,1.52,,582.86,382.23
5566,2018-02-25,1,1.17,,536.43,458.63
5567,2018-02-25,3,1.26,2.0,660.0,525.1
5568,2018-02-25,7,1.41,2.0,611.43,433.63
5569,2018-02-25,8,0.94,,419.29,447.9
5570,2018-02-25,9,1.38,,481.43,349.27
5601,2018-02-26,16,0.61,2.0,193.86,316.57
5602,2018-02-26,15,0.08,,12.86,157.67
5603,2018-02-26,11,0.74,2.0,222.86,300.77
5606,2018-02-26,13,1.02,2.0,274.43,269.93
5618,2018-02-27,6,0.42,,139.29,335.0
5623,2018-02-27,11,0.76,2.0,222.86,292.0
5624,2018-02-27,13,1.04,2.0,274.43,264.37
5625,2018-02-27,15,0.08,,12.86,157.67
5626,2018-02-27,16,0.61,1.0,193.86,316.57
5630,2018-02-28,6,0.42,,139.29,335.0
5643,2018-02-28,16,0.63,,193.86,306.57
5644,2018-02-28,15,0.08,,12.86,157.67
5647,2018-02-28,11,0.76,2.0,222.86,292.0
5649,2018-02-28,9,1.1,,402.86,367.67
5690,2018-03-01,11,0.7,1.0,205.71,292.0
5705,2018-03-02,3,0.77,2.0,447.86,585.0
5726,2018-03-02,11,0.57,,162.86,283.33
5734,2018-03-03,3,0.77,2.0,447.86,581.0
5735,2018-03-03,5,1.18,,570.0,484.23
5736,2018-03-03,6,0.6,,232.86,389.33
5737,2018-03-03,7,0.98,2.0,524.29,532.5
5738,2018-03-03,8,0.97,1.0,512.14,527.83
5739,2018-03-03,11,0.26,,71.14,277.33
5740,2018-03-03,12,1.07,,203.57,190.0
5741,2018-03-03,13,1.13,2.0,372.57,329.37
5742,2018-03-03,15,0.45,,77.14,172.33
5743,2018-03-03,16,0.87,,294.57,337.73
5744,2018-03-03,9,0.82,,322.86,395.5
5745,2018-03-04,2,0.81,,367.14,453.83
5746,2018-03-04,3,0.78,2.0,447.86,571.0
5747,2018-03-04,5,1.18,,570.0,484.23
5748,2018-03-04,6,0.6,,232.86,389.33
5749,2018-03-04,7,0.98,2.0,524.29,532.5
5750,2018-03-04,8,0.99,,512.14,518.83
5751,2018-03-04,9,0.82,,322.86,395.5
5752,2018-03-04,11,0.0,,0.0,269.33
5753,2018-03-04,16,0.7,1.0,227.86,325.73
5754,2018-03-04,15,0.45,,77.14,172.33
5755,2018-03-04,10,0.98,,381.43,389.0
5756,2018-03-04,12,1.07,,203.57,190.0
5757,2018-03-04,13,0.85,2.0,278.57,329.37
5800,2018-03-05,13,0.85,2.0,278.57,329.37
5835,2018-03-06,13,0.85,2.0,278.57,329.37
5869,2018-03-07,9,0.93,,385.0,412.67
5908,2018-03-09,2,1.02,,481.43,471.17
5909,2018-03-09,3,0.76,2.0,488.57,640.5
5910,2018-03-09,5,0.78,,396.43,511.5
5911,2018-03-09,7,0.67,2.0,372.86,554.0
5912,2018-03-09,8,0.53,2.0,278.57,528.0
5913,2018-03-09,11,1.25,2.0,391.0,313.23
5917,2018-03-09,15,1.41,,304.29,216.33
5918,2018-03-09,16,1.18,2.0,426.43,362.57
5920,2018-03-10,2,1.02,,481.43,471.17
5921,2018-03-10,8,0.55,,278.57,504.0
5922,2018-03-10,7,0.71,2.0,372.86,523.5
5923,2018-03-10,9,1.09,,487.86,449.5
5924,2018-03-10,3,0.81,2.0,488.57,600.0
5925,2018-03-10,11,1.37,2.0,391.0,284.57
5926,2018-03-10,12,0.77,,145.71,189.0
5927,2018-03-10,13,0.56,2.0,166.43,295.7
5928,2018-03-10,15,1.71,,304.29,178.0
5929,2018-03-10,16,1.27,2.0,426.43,336.9
5930,2018-03-10,11,1.37,2.0,391.0,284.57
5931,2018-03-11,1,0.88,,464.29,528.83
5932,2018-03-11,2,1.21,,481.43,396.67
5933,2018-03-11,3,0.88,2.0,488.57,553.5
5934,2018-03-11,6,1.27,,417.14,329.33
5935,2018-03-11,6,1.27,,417.14,329.33
5936,2018-03-11,6,1.27,,417.14,329.33
5937,2018-03-11,9,1.2,,487.86,405.5
5938,2018-03-11,7,0.71,,372.86,523.5
5939,2018-03-11,13,0.65,2.0,166.43,256.03
5940,2018-03-11,12,0.91,,145.71,159.5
5941,2018-03-11,16,1.43,2.0,426.43,297.73
5942,2018-03-11,10,0.76,,244.29,321.5
5943,2018-03-11,11,1.37,2.0,391.0,284.57
6036,2018-03-14,9,1.04,0.0,427.86,410.67
6122,2018-03-17,5,1.09,,580.71,535.0
6123,2018-03-17,1,1.03,,572.14,554.5
6124,2018-03-17,2,0.91,0.0,350.71,387.17
6125,2018-03-17,3,1.09,2.0,638.57,583.5
6126,2018-03-17,6,1.73,,666.43,385.0
6127,2018-03-17,16,1.46,,495.0,338.9
6129,2018-03-17,11,1.82,2.0,585.0,321.23
6130,2018-03-17,12,1.92,,368.57,191.5
6132,2018-03-17,7,1.05,,575.71,545.83
6133,2018-03-18,7,1.18,,575.71,486.33
6134,2018-03-18,1,1.12,,572.14,511.33
6135,2018-03-18,3,1.22,,638.57,521.5
6136,2018-03-18,9,0.87,,334.29,382.5
6137,2018-03-18,2,0.91,,350.71,387.17
6138,2018-03-18,11,2.04,2.0,585.0,287.23
6139,2018-03-18,12,1.92,,368.57,191.5
6140,2018-03-18,10,0.64,,156.43,246.33
6142,2018-03-18,16,1.55,,495.0,319.73
6143,2018-03-19,1,0.81,,414.29,511.33
6144,2018-03-19,3,0.85,2.0,445.71,521.5
6145,2018-03-19,7,0.84,,408.57,486.33
6146,2018-03-19,9,0.72,,274.29,382.5
6148,2018-03-19,9,0.72,,274.29,382.5
6149,2018-03-19,11,1.35,2.0,387.86,287.23
6150,2018-03-19,12,1.35,,259.29,191.5
6151,2018-03-19,13,1.26,2.0,400.0,317.7
6152,2018-03-19,15,0.74,,105.71,142.17
6153,2018-03-19,16,1.13,,362.14,319.73
6245,2018-03-22,8,0.44,0.0,138.29,311.93
6259,2018-03-23,10,0.5,,122.86,244.17
6260,2018-03-24,10,0.54,,122.86,228.17
6261,2018-03-24,1,0.15,,67.43,452.9
6262,2018-03-24,2,0.35,,105.14,304.37
6263,2018-03-24,3,0.55,2.0,264.71,482.77
6264,2018-03-24,5,0.09,,37.0,411.13
6265,2018-03-24,11,0.52,2.0,164.43,314.1
6266,2018-03-24,13,0.53,2.0,182.14,342.7
6267,2018-03-24,15,0.0,,0.0,139.17
6268,2018-03-24,16,0.46,2.0,158.57,344.07
6269,2018-03-24,7,0.49,,215.0,440.0
6270,2018-03-25,2,0.35,,105.14,304.37
6271,2018-03-25,3,0.62,2.0,264.71,429.27
6272,2018-03-25,1,0.17,,67.43,401.9
6273,2018-03-25,5,0.1,,37.0,369.63
6274,2018-03-25,15,0.0,,0.0,139.17
6275,2018-03-25,10,0.58,,122.86,211.17
6276,2018-03-25,11,0.54,2.0,164.43,304.1
6277,2018-03-25,12,0.17,,32.14,187.0
6279,2018-03-25,7,0.55,2.0,215.0,393.83
6465,2018-03-31,1,1.11,,455.71,411.23
6466,2018-03-31,3,1.36,2.0,647.14,475.77
6467,2018-03-31,8,1.56,,475.0,304.77
6468,2018-03-31,7,0.92,,378.57,409.83
6469,2018-03-31,15,0.83,,124.29,150.17
6470,2018-03-31,16,1.18,1.0,465.0,395.67
6471,2018-03-31,11,1.45,2.0,582.86,402.1
6472,2018-03-31,13,1.43,2.0,547.14,382.33
6473,2018-04-01,7,1.05,,378.57,359.83
6474,2018-04-01,1,1.25,,455.71,363.9
6475,2018-04-01,2,1.19,,359.29,302.53
6476,2018-04-01,3,1.36,2.0,647.14,475.77
6477,2018-04-01,5,1.09,,345.0,317.13
6478,2018-04-01,10,1.66,,332.14,199.67
6479,2018-04-01,12,0.98,,162.86,165.5
6481,2018-04-01,15,0.83,,124.29,150.17
6482,2018-04-01,16,1.29,,465.0,360.5
6483,2018-04-01,11,1.45,2.0,582.86,402.1
6606,2018-04-06,16,0.6,0.0,201.43,334.0
6607,2018-04-06,11,0.89,2.0,382.14,429.53
6608,2018-04-06,10,1.31,,294.29,224.33
6609,2018-04-06,8,0.83,,238.57,287.27
6610,2018-04-06,7,0.85,2.0,310.71,365.83
6611,2018-04-06,3,0.78,2.0,377.14,482.27
6612,2018-04-06,1,0.77,,257.14,334.9
6613,2018-04-07,1,0.81,,257.14,315.57
6614,2018-04-07,3,0.84,,377.14,449.77
6615,2018-04-07,16,0.65,0.0,201.43,308.0
6616,2018-04-07,13,0.79,2.0,321.43,404.33
6672,2018-04-11,7,0.71,2.0,235.0,331.83
6673,2018-04-11,2,0.68,,167.14,247.2
6674,2018-04-11,10,0.93,,208.29,223.93
6675,2018-04-11,3,0.77,2.0,347.14,450.77
6676,2018-04-11,12,0.19,,25.71,134.5
6679,2018-04-11,11,0.76,2.0,292.14,385.03
6732,2018-04-14,6,1.1,,505.71,458.7
6786,2018-04-16,3,0.69,2.0,272.0,395.23
6788,2018-04-16,7,0.92,,263.43,285.47
6789,2018-04-16,11,0.76,2.0,263.43,346.5
6792,2018-04-16,16,0.73,,188.71,259.2
6835,2018-04-19,1,0.46,,113.14,245.73
6846,2018-04-19,11,0.74,2.0,262.0,352.4
6865,2018-04-21,7,0.52,2.0,133.71,255.3
6907,2018-04-22,3,0.71,2.0,286.0,400.2
6926,2018-04-22,15,0.88,,65.71,74.33
6931,2018-04-22,17,1.33,,365.71,274.77
6935,2018-04-23,3,0.71,2.0,286.0,400.2
6938,2018-04-23,7,0.46,2.0,120.0,263.3
6940,2018-04-23,11,0.58,2.0,207.43,356.53
6941,2018-04-23,15,0.65,,48.57,74.33
6942,2018-04-23,16,0.76,0.0,204.86,270.0
6945,2018-04-23,10,1.08,1.0,297.71,274.67
6948,2018-04-24,3,0.62,2.0,247.43,400.2
6949,2018-04-24,5,0.0,,0.0,103.3
6954,2018-04-24,11,0.48,2.0,171.71,356.53
6955,2018-04-24,12,0.35,,31.14,89.77
6956,2018-04-24,13,0.83,2.0,278.14,334.07
6957,2018-04-24,15,0.65,,48.57,74.33
6958,2018-04-24,16,0.67,0.0,179.86,270.0
6962,2018-04-24,10,0.95,,260.57,274.67
6963,2018-04-25,3,0.54,2.0,196.0,360.2
6964,2018-04-25,1,0.26,,58.57,226.9
6965,2018-04-25,2,0.67,,156.43,234.87
6968,2018-04-25,7,0.56,2.0,134.29,239.13
6969,2018-04-25,10,0.9,,234.86,261.17
6970,2018-04-25,11,0.37,2.0,120.29,329.53
6971,2018-04-25,12,0.45,,31.14,69.77
6973,2018-04-25,16,0.56,0.0,139.14,249.5
6999,2018-04-26,13,0.74,2.0,213.86,288.4
7044,2018-04-28,1,1.18,,269.14,228.57
7045,2018-04-28,2,1.4,,325.71,232.7
7046,2018-04-28,3,0.58,2.0,195.0,336.7
7048,2018-04-28,11,0.88,2.0,288.71,328.37
7049,2018-04-28,16,0.96,,223.14,232.33
7050,2018-04-28,17,1.38,,398.86,289.17
7051,2018-04-28,7,0.96,,239.29,249.13
7052,2018-04-29,1,1.22,,241.43,198.23
7053,2018-04-29,7,0.85,2.0,185.71,218.3
7054,2018-04-29,3,0.66,2.0,195.0,294.7
7055,2018-04-29,10,0.44,,96.43,219.67
7056,2018-04-29,15,1.76,,135.71,77.0
7060,2018-04-29,16,0.88,,178.57,203.17
7061,2018-04-29,11,0.97,2.0,275.71,284.87
7104,2018-04-30,12,1.74,,152.14,87.27
7188,2018-05-03,12,2.04,,167.14,81.77
7227,2018-05-05,3,1.45,2.0,454.29,312.7
7228,2018-05-05,1,1.79,,426.43,237.73
7229,2018-05-05,6,0.96,,331.71,344.73
7230,2018-05-05,2,1.62,,422.14,260.2
7231,2018-05-05,11,1.68,2.0,539.29,321.53
7232,2018-05-05,16,1.79,2.0,482.14,268.67
7233,2018-05-05,13,1.7,2.0,385.71,227.4
7234,2018-05-05,7,1.52,2.0,342.14,225.63
7235,2018-05-06,1,1.79,,426.43,237.73
7236,2018-05-06,2,1.62,,422.14,260.2
7237,2018-05-06,6,0.96,,331.71,344.73
7238,2018-05-06,3,1.45,2.0,454.29,312.7
7239,2018-05-06,10,1.34,,295.71,220.0
7240,2018-05-06,11,1.68,2.0,539.29,321.53
7242,2018-05-06,16,1.79,2.0,482.14,268.67
7243,2018-05-06,7,1.52,2.0,342.14,225.63
7317,2018-05-10,7,0.8,2.0,186.43,231.63
7318,2018-05-10,11,0.82,2.0,278.57,340.53
7319,2018-05-10,12,0.0,,0.0,75.77
7324,2018-05-10,16,0.73,2.0,192.86,264.5
7325,2018-05-10,10,0.88,,201.43,229.4
7352,2018-05-12,3,1.17,2.0,413.57,353.2
7386,2018-05-13,6,1.32,,431.29,327.37
7390,2018-05-13,3,1.22,2.0,413.57,339.4
7416,2018-05-14,1,0.99,,246.29,249.23
7418,2018-05-14,3,1.1,2.0,362.14,329.2
7420,2018-05-14,11,1.33,2.0,514.14,385.83
7421,2018-05-14,13,1.39,2.0,394.57,283.17
7422,2018-05-14,16,1.01,0.0,287.57,285.53
7424,2018-05-14,7,1.1,,255.0,232.37
7425,2018-05-15,1,0.76,,183.43,242.37
7428,2018-05-15,7,0.83,,180.0,216.67
7496,2018-05-19,2,0.7,,224.29,318.5
7499,2018-05-19,11,0.77,2.0,292.71,378.7
7500,2018-05-19,12,0.91,,78.57,86.1
7502,2018-05-19,16,0.67,0.0,192.43,288.07
7503,2018-05-19,3,0.55,2.0,184.29,336.73
7504,2018-05-20,1,0.36,,92.14,257.47
7505,2018-05-20,3,0.57,2.0,184.29,324.23
7506,2018-05-20,7,0.5,2.0,113.57,227.67
7508,2018-05-20,12,0.86,,74.29,86.1
7509,2018-05-20,13,0.43,2.0,111.43,260.97
7510,2018-05-20,16,0.44,2.0,121.43,278.07
7511,2018-05-20,11,0.39,2.0,141.43,365.7
7688,2018-05-26,16,1.35,1.0,449.29,333.93
7689,2018-05-26,13,1.35,2.0,445.0,329.9
7690,2018-05-26,12,1.47,,145.71,99.33
7691,2018-05-26,8,2.26,2.0,604.71,267.03
7692,2018-05-26,7,1.6,,483.57,302.67
7693,2018-05-26,5,1.4,,175.71,125.3
7694,2018-05-26,3,1.56,2.0,668.57,429.5
7695,2018-05-26,1,1.46,,501.43,342.47
7696,2018-05-26,11,1.29,2.0,597.86,465.13
7697,2018-05-27,5,1.4,,175.71,125.3
7698,2018-05-27,1,1.65,,501.43,304.47
7699,2018-05-27,2,1.2,,367.86,307.83
7700,2018-05-27,3,1.67,2.0,668.57,401.5
7701,2018-05-27,10,1.78,,464.43,261.53
7702,2018-05-27,11,1.4,2.0,597.86,425.8
7703,2018-05-27,12,1.88,,145.71,77.33
7704,2018-05-27,13,1.35,2.0,445.0,328.9
7705,2018-05-27,16,1.41,,449.29,318.77
7706,2018-05-27,8,2.26,1.0,604.71,267.03
7859,2018-06-02,1,0.99,,282.86,285.97
7860,2018-06-02,2,1.36,,457.86,335.83
7861,2018-06-02,3,1.19,2.0,507.86,426.5
7862,2018-06-02,7,1.11,2.0,325.71,292.83
7863,2018-06-02,16,1.03,,299.29,291.1
7864,2018-06-02,10,1.3,,387.86,299.03
7865,2018-06-02,11,1.08,2.0,455.71,421.3
7866,2018-06-02,13,1.17,2.0,412.86,351.73
7867,2018-06-02,8,1.48,,475.71,320.87
7868,2018-06-03,3,1.23,2.0,507.86,414.0
7869,2018-06-03,1,1.04,,282.86,270.97
7870,2018-06-03,11,1.12,2.0,455.71,406.3
7871,2018-06-03,8,1.53,,475.71,310.53
7872,2018-06-03,16,1.08,2.0,299.29,276.1
7876,2018-06-04,3,0.83,2.0,345.0,414.0
7938,2018-06-06,11,0.68,2.0,280.71,415.3
7939,2018-06-06,2,1.0,,332.86,332.0
7940,2018-06-06,3,0.74,2.0,310.71,421.0
7943,2018-06-06,15,0.0,,0.0,60.53
7944,2018-06-06,16,0.66,2.0,187.86,282.6
8043,2018-06-11,3,0.86,2.0,340.86,397.03
8045,2018-06-11,1,0.59,,152.86,257.07
8046,2018-06-11,1,0.59,,152.86,257.07
8051,2018-06-11,8,0.99,,325.14,327.97
8054,2018-06-11,16,0.72,1.0,189.0,263.67
8061,2018-06-11,11,0.6,2.0,219.57,366.37
8063,2018-06-11,13,0.99,2.0,316.29,320.2
8064,2018-06-12,7,0.61,,178.0,292.87
8065,2018-06-12,2,0.36,,98.0,274.2
8066,2018-06-12,3,0.65,2.0,259.43,397.03
8067,2018-06-12,6,0.89,,225.0,252.5
8068,2018-06-12,8,0.8,,263.0,327.97
8069,2018-06-12,1,0.42,,101.43,240.17
8070,2018-06-12,13,0.8,2.0,239.14,300.63
8071,2018-06-12,15,0.49,,23.43,47.47
8072,2018-06-12,16,0.55,1.0,135.43,247.1
8076,2018-06-12,11,0.46,2.0,153.14,331.07
8077,2018-06-13,3,0.65,2.0,259.43,397.03
8081,2018-06-13,2,0.36,,98.0,274.2
8082,2018-06-13,11,0.46,2.0,153.14,331.07
8084,2018-06-13,15,0.49,0.0,23.43,47.47
8085,2018-06-13,16,0.55,1.0,135.43,247.1
8086,2018-06-13,10,0.6,,184.29,309.2
8099,2018-06-14,1,0.35,,84.29,240.17
8160,2018-06-16,1,0.31,,74.0,241.67
8161,2018-06-16,3,0.73,2.0,319.14,436.03
8168,2018-06-16,16,0.81,1.0,232.86,287.1
8169,2018-06-16,13,0.82,2.0,281.86,345.3
8171,2018-06-16,8,0.73,2.0,282.43,386.47
8172,2018-06-16,7,0.66,,209.57,318.7
8173,2018-06-16,11,0.75,2.0,279.43,373.57
8174,2018-06-17,1,0.21,,51.43,241.67
8175,2018-06-17,3,0.68,2.0,287.14,421.03
8178,2018-06-17,5,1.17,,110.14,94.13
8179,2018-06-17,7,0.67,2.0,209.57,313.37
8180,2018-06-17,8,0.65,2.0,250.71,386.47
8181,2018-06-17,11,0.77,2.0,277.86,362.9
8182,2018-06-17,13,0.74,2.0,247.14,335.3
8183,2018-06-17,16,0.82,,221.43,270.43
8186,2018-06-18,6,1.5,,551.0,366.4
8201,2018-06-18,3,0.68,2.0,287.14,421.03
8253,2018-06-20,1,1.09,,281.43,259.0
8254,2018-06-20,2,1.62,,528.57,325.7
8255,2018-06-20,3,1.0,2.0,411.43,410.03
8256,2018-06-20,7,1.35,2.0,482.14,357.03
8257,2018-06-20,11,1.52,2.0,631.43,414.73
8259,2018-06-20,15,1.55,,115.71,74.47
8261,2018-06-20,10,0.32,1.0,94.29,297.67
8338,2018-06-23,1,1.65,,387.14,234.67
8339,2018-06-23,3,0.89,2.0,355.71,398.03
8340,2018-06-23,6,0.73,,249.86,344.07
8341,2018-06-23,13,1.18,2.0,418.57,355.47
8342,2018-06-23,8,1.18,,495.0,418.87
8343,2018-06-23,11,1.63,2.0,682.86,418.4
8344,2018-06-23,16,1.63,1.0,523.57,320.77
8345,2018-06-23,7,1.6,,580.71,362.53
8346,2018-06-24,3,1.02,2.0,355.71,348.03
8347,2018-06-24,1,1.9,,387.14,204.0
8348,2018-06-24,2,1.74,,605.71,347.37
8349,2018-06-24,6,0.53,,182.14,344.07
8350,2018-06-24,13,1.28,2.0,418.57,326.13
8351,2018-06-24,8,1.37,1.0,495.0,360.87
8352,2018-06-24,11,1.78,2.0,682.86,382.73
8353,2018-06-24,16,1.82,,523.57,287.77
8354,2018-06-24,7,1.75,,580.71,331.53
8385,2018-06-25,8,0.91,,327.86,360.87
8430,2018-06-27,5,1.47,,137.14,93.47
8431,2018-06-27,1,1.47,,328.57,224.0
8432,2018-06-27,2,1.39,,510.0,366.87
8433,2018-06-27,6,1.35,,509.29,378.23
8434,2018-06-27,3,1.25,2.0,454.29,362.03
8435,2018-06-27,10,1.7,1.0,500.71,295.33
8436,2018-06-27,11,1.49,2.0,609.29,410.07
8439,2018-06-27,7,1.37,2.0,488.57,357.53
8512,2018-06-30,10,1.38,,411.43,297.33
8513,2018-06-30,1,1.25,,270.0,216.0
8514,2018-06-30,2,1.09,,386.43,354.7
8515,2018-06-30,3,1.45,2.0,533.57,367.03
8516,2018-06-30,7,1.13,,402.86,355.53
8519,2018-06-30,11,1.16,2.0,469.29,403.23
8523,2018-06-30,16,1.56,,565.0,361.77
8527,2018-06-30,13,1.02,2.0,325.0,319.63
8528,2018-07-01,1,1.34,,270.0,201.0
8529,2018-07-01,3,1.51,2.0,533.57,354.03
8531,2018-07-01,13,1.06,2.0,325.0,305.63
8532,2018-07-01,16,1.62,2.0,565.0,349.77
8534,2018-07-01,11,1.22,2.0,469.29,385.9
8596,2018-07-04,1,0.94,,215.71,228.33
8598,2018-07-04,3,1.3,2.0,525.0,404.03
8599,2018-07-04,7,0.89,2.0,338.57,381.03
8600,2018-07-04,5,0.93,,111.43,119.47
8601,2018-07-04,11,0.84,2.0,358.57,424.4
8603,2018-07-04,15,0.36,,51.43,140.97
8604,2018-07-04,16,1.03,,412.14,399.77
8605,2018-07-04,10,1.1,1.0,313.57,285.0
8628,2018-07-05,13,0.48,2.0,155.71,323.3
8653,2018-07-06,13,0.48,2.0,155.71,323.3
8660,2018-07-07,1,0.68,,148.57,219.67
8661,2018-07-07,2,0.95,,377.86,397.03
8662,2018-07-07,3,1.04,2.0,443.57,428.53
8663,2018-07-07,16,1.06,,465.0,437.77
8664,2018-07-07,7,0.84,2.0,319.29,382.03
8665,2018-07-07,11,0.75,2.0,322.86,432.23
8666,2018-07-07,13,0.5,2.0,155.71,313.3
8667,2018-07-07,6,0.77,,340.0,442.57
8668,2018-07-08,3,1.11,2.0,443.57,399.93
8669,2018-07-08,1,0.72,,148.57,205.27
8670,2018-07-08,2,1.0,,377.86,379.37
8671,2018-07-08,5,0.0,,0.0,113.03
8672,2018-07-08,7,0.8,2.0,293.57,365.87
8673,2018-07-08,10,1.26,,341.43,272.0
8674,2018-07-08,11,0.78,2.0,322.86,413.1
8677,2018-07-08,16,1.09,,465.0,424.77
8740,2018-07-11,2,0.78,,317.71,406.8
8741,2018-07-11,3,0.96,2.0,400.43,417.93
8742,2018-07-11,10,1.07,,300.71,282.17
8743,2018-07-11,7,0.93,2.0,362.14,390.0
8745,2018-07-11,15,0.87,,147.43,169.9
8746,2018-07-11,16,0.93,2.0,422.14,454.17
8747,2018-07-11,11,0.66,2.0,291.14,441.1
8775,2018-07-13,3,0.59,2.0,256.86,437.93
8776,2018-07-13,2,0.55,,238.43,429.8
8777,2018-07-13,5,0.82,,111.43,135.83
8778,2018-07-13,1,0.24,,51.43,212.0
8779,2018-07-13,11,0.5,2.0,231.86,463.1
8780,2018-07-13,13,0.9,2.0,306.29,338.97
8781,2018-07-13,16,0.53,2.0,250.71,472.67
8782,2018-07-13,7,0.71,,293.57,415.0
8783,2018-07-14,16,0.55,2.0,250.71,453.33
8784,2018-07-14,13,0.98,2.0,306.29,312.3
8785,2018-07-14,7,0.73,,293.57,401.0
8786,2018-07-14,3,0.63,2.0,256.86,410.93
8788,2018-07-14,1,0.24,,51.43,212.0
8789,2018-07-15,3,0.69,2.0,256.86,370.93
8790,2018-07-15,7,0.79,,293.57,372.5
8791,2018-07-15,11,0.58,2.0,231.86,398.27
8792,2018-07-15,13,0.96,2.0,269.14,281.3
8793,2018-07-15,16,0.6,2.0,250.71,421.0
8794,2018-07-15,10,0.48,,125.0,260.17
8831,2018-07-18,3,0.48,2.0,190.71,395.43
8832,2018-07-18,1,0.31,,60.0,194.33
8833,2018-07-18,2,0.5,,181.43,361.8
8834,2018-07-18,6,0.17,,52.86,311.27
8836,2018-07-18,10,0.28,1.0,79.29,278.67
8837,2018-07-18,11,0.55,2.0,210.0,381.77
8838,2018-07-18,16,0.36,2.0,145.0,401.67
8839,2018-07-18,7,0.57,2.0,205.71,362.0
